model,kind,level,mean_drift,median_drift,balanced_accuracy,balanced_accuracy_std,accuracy_drop,accuracy_drop_std,flip_rate,flip_rate_std,auroc_drift_flags_flip,auroc_std,n_seeds
phikon,blur,0.5,0.0245,0.024,0.8147,0.0208,-0.0019,0.0154,0.0552,0.0071,0.5227,0.0357,5
phikon,blur,1,0.1234,0.1214,0.7613,0.0416,0.0515,0.0416,0.159,0.0371,0.5744,0.0444,5
phikon,blur,2,0.6611,0.6656,0.5281,0.022,0.2847,0.0304,0.4183,0.0325,0.6341,0.0325,5
phikon,blur,3,0.8101,0.8185,0.5172,0.0138,0.2956,0.0265,0.3958,0.0344,0.6089,0.022,5
phikon,blur,3.5,0.8296,0.8375,0.5176,0.0217,0.2952,0.0337,0.401,0.0416,0.6178,0.0355,5
phikon,blur,4,0.8412,0.8484,0.5127,0.0196,0.3001,0.0313,0.4013,0.0449,0.6278,0.0417,5
phikon,blur,5,0.8533,0.8595,0.5003,0.0093,0.3125,0.0204,0.4004,0.0495,0.6519,0.0478,5
phikon,blur,6,0.8597,0.866,0.4956,0.0072,0.3172,0.0146,0.3945,0.0433,0.6806,0.0377,5
phikon,jpeg,70,0.1053,0.1025,0.8029,0.0278,0.0099,0.0264,0.114,0.0044,0.6133,0.0178,5
phikon,jpeg,50,0.1688,0.1652,0.7273,0.0245,0.0855,0.0231,0.1695,0.0093,0.69,0.0117,5
phikon,jpeg,30,0.2512,0.2499,0.632,0.0166,0.1808,0.0218,0.2446,0.0117,0.7154,0.0161,5
phikon,jpeg,25,0.2851,0.2859,0.6197,0.0198,0.1931,0.0252,0.2598,0.0138,0.7178,0.0171,5
phikon,jpeg,20,0.3289,0.3295,0.5702,0.0083,0.2426,0.0172,0.3008,0.0141,0.7289,0.0129,5
phikon,jpeg,15,0.3863,0.3848,0.5367,0.0065,0.2761,0.0151,0.3289,0.0124,0.7334,0.0096,5
phikon,jpeg,10,0.4799,0.4867,0.5079,0.0017,0.3049,0.0153,0.3587,0.0117,0.753,0.01,5
phikon,jpeg,5,0.5976,0.5956,0.4933,0.0053,0.3195,0.0151,0.3749,0.0146,0.7415,0.0143,5
phikon,stain,0.1,0.0254,0.0167,0.8268,0.015,-0.014,0.0097,0.0751,0.0055,0.6277,0.034,5
phikon,stain,0.2,0.0491,0.0423,0.8225,0.0168,-0.0097,0.0128,0.0946,0.0067,0.6155,0.0191,5
phikon,stain,0.3,0.0862,0.0809,0.8145,0.021,-0.0017,0.018,0.1159,0.0118,0.6176,0.0075,5
phikon,stain,0.4,0.1335,0.1298,0.8049,0.0255,0.0079,0.0243,0.1367,0.0154,0.6117,0.0171,5
phikon,stain,0.5,0.1883,0.1861,0.7883,0.0293,0.0245,0.0299,0.1618,0.0186,0.622,0.0259,5
phikon-v2,blur,0.5,0.1712,0.1703,0.7543,0.0099,0.0507,0.0103,0.1126,0.0072,0.5456,0.0093,5
phikon-v2,blur,1,0.4711,0.471,0.6823,0.0168,0.1228,0.0234,0.1933,0.0074,0.5503,0.0136,5
phikon-v2,blur,2,0.7976,0.8054,0.6284,0.0171,0.1766,0.0168,0.3566,0.0373,0.6491,0.0354,5
phikon-v2,blur,3,0.8719,0.8813,0.5958,0.0334,0.2093,0.0291,0.477,0.0723,0.5861,0.0155,5
phikon-v2,blur,3.5,0.8886,0.8996,0.5661,0.0225,0.239,0.0188,0.5318,0.0654,0.5825,0.01,5
phikon-v2,blur,4,0.9004,0.9114,0.5504,0.021,0.2546,0.0165,0.5623,0.0644,0.5867,0.0098,5
phikon-v2,blur,5,0.9146,0.9251,0.5354,0.0131,0.2696,0.0069,0.5979,0.0478,0.5934,0.0101,5
phikon-v2,blur,6,0.9206,0.9304,0.5378,0.0132,0.2672,0.0052,0.6029,0.0402,0.5947,0.0063,5
phikon-v2,jpeg,70,0.1692,0.1678,0.7971,0.0073,0.008,0.0098,0.1222,0.0112,0.5388,0.0214,5
phikon-v2,jpeg,50,0.2627,0.2579,0.7231,0.0169,0.0819,0.0173,0.1813,0.0093,0.5704,0.0156,5
phikon-v2,jpeg,30,0.3928,0.3917,0.6214,0.0255,0.1837,0.023,0.2513,0.0232,0.5668,0.0143,5
phikon-v2,jpeg,25,0.4263,0.4274,0.5984,0.0259,0.2067,0.0212,0.2727,0.0244,0.5916,0.0144,5
phikon-v2,jpeg,20,0.4914,0.4956,0.5432,0.0286,0.2619,0.0251,0.3186,0.0302,0.5925,0.0094,5
phikon-v2,jpeg,15,0.5536,0.5573,0.4989,0.0238,0.3062,0.0191,0.3712,0.0261,0.5903,0.0134,5
phikon-v2,jpeg,10,0.6336,0.6401,0.4742,0.0176,0.3309,0.0155,0.3893,0.0211,0.6144,0.0304,5
phikon-v2,jpeg,5,0.7435,0.7556,0.4751,0.0103,0.3299,0.0153,0.3949,0.0169,0.5272,0.0279,5
phikon-v2,stain,0.1,0.0339,0.0218,0.8168,0.0056,-0.0117,0.0057,0.0594,0.0049,0.5908,0.0206,5
phikon-v2,stain,0.2,0.0587,0.0502,0.811,0.0037,-0.0059,0.0081,0.0848,0.0042,0.5766,0.0119,5
phikon-v2,stain,0.3,0.0986,0.0918,0.8047,0.0061,0.0004,0.0118,0.1103,0.0054,0.5858,0.0062,5
phikon-v2,stain,0.4,0.1489,0.1441,0.7966,0.0068,0.0085,0.0142,0.134,0.0072,0.5855,0.0089,5
phikon-v2,stain,0.5,0.2066,0.203,0.7811,0.0106,0.024,0.0183,0.1545,0.0052,0.5749,0.0091,5
dinov2-l,blur,0.5,0.0037,0.0021,0.7966,0.004,0.0057,0.003,0.0534,0.0062,0.4428,0.012,5
dinov2-l,blur,1,0.0367,0.0249,0.7404,0.0061,0.0619,0.0065,0.1731,0.0112,0.4021,0.0038,5
dinov2-l,blur,2,0.2159,0.1832,0.5895,0.0137,0.2127,0.0143,0.3367,0.0194,0.3695,0.0159,5
dinov2-l,blur,3,0.4859,0.476,0.5807,0.0194,0.2215,0.0193,0.3508,0.0104,0.4222,0.011,5
dinov2-l,blur,3.5,0.602,0.6144,0.5832,0.0253,0.219,0.0251,0.3525,0.0141,0.4718,0.0106,5
dinov2-l,blur,4,0.6804,0.7029,0.5891,0.0283,0.2132,0.0283,0.3517,0.0137,0.5157,0.0108,5
dinov2-l,blur,5,0.7712,0.7955,0.5939,0.0333,0.2084,0.0336,0.356,0.018,0.5462,0.0237,5
dinov2-l,blur,6,0.8224,0.8448,0.5856,0.0369,0.2167,0.0372,0.3737,0.0177,0.556,0.0375,5
dinov2-l,jpeg,70,0.0189,0.0121,0.7711,0.0142,0.0312,0.0134,0.1255,0.012,0.4299,0.0138,5
dinov2-l,jpeg,50,0.0332,0.0182,0.7871,0.0083,0.0151,0.0094,0.141,0.0066,0.4036,0.0088,5
dinov2-l,jpeg,30,0.0543,0.0301,0.7415,0.0109,0.0607,0.0129,0.189,0.0095,0.3914,0.0171,5
dinov2-l,jpeg,25,0.0691,0.0401,0.7275,0.0093,0.0747,0.0112,0.2055,0.0095,0.374,0.0135,5
dinov2-l,jpeg,20,0.0885,0.0516,0.7023,0.0182,0.0999,0.0198,0.238,0.014,0.3998,0.014,5
dinov2-l,jpeg,15,0.1235,0.0773,0.668,0.0226,0.1342,0.0239,0.2742,0.0136,0.4078,0.0152,5
dinov2-l,jpeg,10,0.2066,0.1465,0.6273,0.0268,0.175,0.0278,0.315,0.0116,0.4463,0.0124,5
dinov2-l,jpeg,5,0.4851,0.4795,0.5586,0.0134,0.2436,0.0136,0.3894,0.0032,0.4931,0.0133,5
dinov2-l,stain,0.1,0.0071,0.0015,0.8051,0.0034,-0.0028,0.0013,0.0456,0.0012,0.5351,0.023,5
dinov2-l,stain,0.2,0.0089,0.0022,0.8058,0.0023,-0.0036,0.0007,0.0555,0.0007,0.5035,0.0163,5
dinov2-l,stain,0.3,0.0116,0.0034,0.8056,0.003,-0.0034,0.0011,0.0668,0.0013,0.4751,0.0191,5
dinov2-l,stain,0.4,0.015,0.005,0.8051,0.0041,-0.0028,0.0026,0.0779,0.0031,0.4624,0.0162,5
dinov2-l,stain,0.5,0.0191,0.0072,0.8041,0.0029,-0.0019,0.0028,0.0906,0.0019,0.4572,0.0123,5
kaiko-b16,blur,0.5,0.1048,0.1054,0.7798,0.0147,0.0223,0.0195,0.106,0.0092,0.6156,0.0169,5
kaiko-b16,blur,1,0.3515,0.3551,0.6912,0.0337,0.1109,0.0323,0.1891,0.0231,0.6233,0.0152,5
kaiko-b16,blur,2,0.6021,0.6094,0.5521,0.0301,0.25,0.0355,0.3082,0.0272,0.597,0.0147,5
kaiko-b16,blur,3,0.7048,0.7129,0.5015,0.0094,0.3006,0.0154,0.3544,0.0108,0.4851,0.0154,5
kaiko-b16,blur,3.5,0.7278,0.738,0.5008,0.0043,0.3014,0.0117,0.352,0.0119,0.4874,0.0114,5
kaiko-b16,blur,4,0.743,0.7543,0.5026,0.0071,0.2995,0.0139,0.3524,0.0112,0.5003,0.0137,5
kaiko-b16,blur,5,0.7648,0.776,0.5065,0.0118,0.2956,0.0168,0.3523,0.0119,0.5368,0.0144,5
kaiko-b16,blur,6,0.7791,0.7905,0.5059,0.0082,0.2962,0.0124,0.3532,0.0115,0.5672,0.0147,5
kaiko-b16,jpeg,70,0.1258,0.1214,0.8257,0.0129,-0.0235,0.0177,0.1445,0.0236,0.5962,0.0075,5
kaiko-b16,jpeg,50,0.2782,0.2737,0.6582,0.0422,0.1439,0.0443,0.2194,0.0318,0.6281,0.0182,5
kaiko-b16,jpeg,30,0.41,0.4102,0.5439,0.0228,0.2582,0.0229,0.3123,0.0208,0.5946,0.017,5
kaiko-b16,jpeg,25,0.4382,0.44,0.527,0.0147,0.2751,0.0174,0.3277,0.0164,0.598,0.0155,5
kaiko-b16,jpeg,20,0.4795,0.4827,0.5078,0.0058,0.2943,0.0094,0.3442,0.0109,0.5852,0.0158,5
kaiko-b16,jpeg,15,0.5163,0.5205,0.5014,0.0019,0.3008,0.0092,0.3498,0.0107,0.6069,0.0147,5
kaiko-b16,jpeg,10,0.5643,0.5675,0.4996,0.0011,0.3025,0.0091,0.3511,0.0114,0.6297,0.0141,5
kaiko-b16,jpeg,5,0.6381,0.64,0.5,0.0,0.3021,0.0094,0.3513,0.0114,0.6568,0.0152,5
kaiko-b16,stain,0.1,0.0253,0.0177,0.7883,0.0072,0.0138,0.0042,0.0565,0.0043,0.5571,0.0203,5
kaiko-b16,stain,0.2,0.0452,0.0391,0.7796,0.008,0.0225,0.0043,0.0744,0.0035,0.5421,0.0285,5
kaiko-b16,stain,0.3,0.075,0.0702,0.7741,0.0077,0.0281,0.0034,0.0911,0.0035,0.5442,0.018,5
kaiko-b16,stain,0.4,0.111,0.1078,0.7759,0.0051,0.0262,0.0056,0.1097,0.0074,0.5468,0.0089,5
kaiko-b16,stain,0.5,0.151,0.1489,0.7784,0.0079,0.0237,0.0091,0.1292,0.0093,0.5557,0.0134,5
