model,kind,level,class,recall,std,n_seeds
phikon,clean,0,ADI,0.9729,0.0014,5
phikon,clean,0,BACK,1.0,0.0,5
phikon,clean,0,DEB,1.0,0.0,5
phikon,clean,0,LYM,0.9937,0.0011,5
phikon,clean,0,MUC,0.999,0.0,5
phikon,clean,0,MUS,0.7726,0.0026,5
phikon,clean,0,NORM,0.9973,0.0,5
phikon,clean,0,STR,0.7762,0.0026,5
phikon,clean,0,TUM,0.9924,0.0004,5
phikon,blur,0.5,ADI,0.9656,0.0018,5
phikon,blur,0.5,BACK,1.0,0.0,5
phikon,blur,0.5,DEB,1.0,0.0,5
phikon,blur,0.5,LYM,0.994,0.0007,5
phikon,blur,0.5,MUC,0.999,0.0,5
phikon,blur,0.5,MUS,0.7733,0.0022,5
phikon,blur,0.5,NORM,0.9973,0.0,5
phikon,blur,0.5,STR,0.7786,0.0057,5
phikon,blur,0.5,TUM,0.9925,0.0004,5
phikon,blur,1,ADI,0.9519,0.0019,5
phikon,blur,1,BACK,1.0,0.0,5
phikon,blur,1,DEB,1.0,0.0,5
phikon,blur,1,LYM,0.9927,0.0014,5
phikon,blur,1,MUC,0.999,0.0,5
phikon,blur,1,MUS,0.7733,0.0014,5
phikon,blur,1,NORM,0.9973,0.0,5
phikon,blur,1,STR,0.762,0.0049,5
phikon,blur,1,TUM,0.9927,0.0,5
phikon,blur,2,ADI,0.9318,0.0059,5
phikon,blur,2,BACK,0.9972,0.0006,5
phikon,blur,2,DEB,1.0,0.0,5
phikon,blur,2,LYM,0.9984,0.0,5
phikon,blur,2,MUC,0.999,0.0,5
phikon,blur,2,MUS,0.7733,0.0008,5
phikon,blur,2,NORM,0.9973,0.0,5
phikon,blur,2,STR,0.7477,0.0166,5
phikon,blur,2,TUM,0.9844,0.0025,5
phikon,blur,3,ADI,0.939,0.0112,5
phikon,blur,3,BACK,0.9946,0.0011,5
phikon,blur,3,DEB,0.9959,0.0016,5
phikon,blur,3,LYM,0.8953,0.0105,5
phikon,blur,3,MUC,0.9938,0.0005,5
phikon,blur,3,MUS,0.6834,0.0009,5
phikon,blur,3,NORM,0.9962,0.0006,5
phikon,blur,3,STR,0.7582,0.0161,5
phikon,blur,3,TUM,0.9379,0.0073,5
phikon,blur,3.5,ADI,0.9315,0.0116,5
phikon,blur,3.5,BACK,1.0,0.0,5
phikon,blur,3.5,DEB,0.9758,0.0038,5
phikon,blur,3.5,LYM,0.7041,0.017,5
phikon,blur,3.5,MUC,0.937,0.0049,5
phikon,blur,3.5,MUS,0.6628,0.0009,5
phikon,blur,3.5,NORM,0.9933,0.0,5
phikon,blur,3.5,STR,0.7373,0.0189,5
phikon,blur,3.5,TUM,0.8782,0.0144,5
phikon,blur,4,ADI,0.8389,0.0221,5
phikon,blur,4,BACK,1.0,0.0,5
phikon,blur,4,DEB,0.9434,0.0117,5
phikon,blur,4,LYM,0.529,0.021,5
phikon,blur,4,MUC,0.6444,0.0101,5
phikon,blur,4,MUS,0.5493,0.0084,5
phikon,blur,4,NORM,0.9924,0.0007,5
phikon,blur,4,STR,0.5401,0.016,5
phikon,blur,4,TUM,0.6722,0.0421,5
phikon,blur,5,ADI,0.359,0.0375,5
phikon,blur,5,BACK,1.0,0.0,5
phikon,blur,5,DEB,0.692,0.0319,5
phikon,blur,5,LYM,0.0132,0.0009,5
phikon,blur,5,MUC,0.0085,0.0022,5
phikon,blur,5,MUS,0.0483,0.0064,5
phikon,blur,5,NORM,0.8869,0.0059,5
phikon,blur,5,STR,0.1145,0.0112,5
phikon,blur,5,TUM,0.0436,0.0204,5
phikon,blur,6,ADI,0.0223,0.0104,5
phikon,blur,6,BACK,1.0,0.0,5
phikon,blur,6,DEB,0.3528,0.0345,5
phikon,blur,6,LYM,0.0,0.0,5
phikon,blur,6,MUC,0.0,0.0,5
phikon,blur,6,MUS,0.0,0.0,5
phikon,blur,6,NORM,0.169,0.0128,5
phikon,blur,6,STR,0.0033,0.0036,5
phikon,blur,6,TUM,0.0,0.0,5
phikon,jpeg,70,ADI,0.999,0.0004,5
phikon,jpeg,70,BACK,1.0,0.0,5
phikon,jpeg,70,DEB,1.0,0.0,5
phikon,jpeg,70,LYM,0.9763,0.0011,5
phikon,jpeg,70,MUC,0.9994,0.0005,5
phikon,jpeg,70,MUS,0.7703,0.0,5
phikon,jpeg,70,NORM,0.9984,0.0006,5
phikon,jpeg,70,STR,0.8271,0.0108,5
phikon,jpeg,70,TUM,0.9734,0.0023,5
phikon,jpeg,50,ADI,0.9985,0.0,5
phikon,jpeg,50,BACK,1.0,0.0,5
phikon,jpeg,50,DEB,1.0,0.0,5
phikon,jpeg,50,LYM,0.977,0.0038,5
phikon,jpeg,50,MUC,0.9986,0.0005,5
phikon,jpeg,50,MUS,0.7639,0.0022,5
phikon,jpeg,50,NORM,0.9987,0.0,5
phikon,jpeg,50,STR,0.8404,0.0054,5
phikon,jpeg,50,TUM,0.9687,0.0026,5
phikon,jpeg,30,ADI,0.9985,0.0,5
phikon,jpeg,30,BACK,1.0,0.0,5
phikon,jpeg,30,DEB,1.0,0.0,5
phikon,jpeg,30,LYM,0.9549,0.0053,5
phikon,jpeg,30,MUC,0.9977,0.0005,5
phikon,jpeg,30,MUS,0.7473,0.0031,5
phikon,jpeg,30,NORM,0.996,0.0,5
phikon,jpeg,30,STR,0.8485,0.007,5
phikon,jpeg,30,TUM,0.9521,0.0052,5
phikon,jpeg,25,ADI,0.9982,0.0004,5
phikon,jpeg,25,BACK,1.0,0.0,5
phikon,jpeg,25,DEB,1.0,0.0,5
phikon,jpeg,25,LYM,0.8902,0.0095,5
phikon,jpeg,25,MUC,0.9961,0.0,5
phikon,jpeg,25,MUS,0.7311,0.003,5
phikon,jpeg,25,NORM,0.996,0.0,5
phikon,jpeg,25,STR,0.8323,0.008,5
phikon,jpeg,25,TUM,0.946,0.0039,5
phikon,jpeg,20,ADI,0.9969,0.0008,5
phikon,jpeg,20,BACK,1.0,0.0,5
phikon,jpeg,20,DEB,1.0,0.0,5
phikon,jpeg,20,LYM,0.8129,0.0074,5
phikon,jpeg,20,MUC,0.9954,0.0008,5
phikon,jpeg,20,MUS,0.6355,0.0014,5
phikon,jpeg,20,NORM,0.9946,0.0,5
phikon,jpeg,20,STR,0.7819,0.0131,5
phikon,jpeg,20,TUM,0.9051,0.0115,5
phikon,jpeg,15,ADI,0.9934,0.0018,5
phikon,jpeg,15,BACK,1.0,0.0,5
phikon,jpeg,15,DEB,1.0,0.0,5
phikon,jpeg,15,LYM,0.6864,0.0087,5
phikon,jpeg,15,MUC,0.9872,0.0008,5
phikon,jpeg,15,MUS,0.5098,0.0032,5
phikon,jpeg,15,NORM,0.9906,0.0,5
phikon,jpeg,15,STR,0.6675,0.011,5
phikon,jpeg,15,TUM,0.8764,0.0112,5
phikon,jpeg,10,ADI,0.9682,0.001,5
phikon,jpeg,10,BACK,1.0,0.0,5
phikon,jpeg,10,DEB,0.8732,0.0059,5
phikon,jpeg,10,LYM,0.6066,0.0144,5
phikon,jpeg,10,MUC,0.9063,0.004,5
phikon,jpeg,10,MUS,0.2412,0.0047,5
phikon,jpeg,10,NORM,0.9762,0.0012,5
phikon,jpeg,10,STR,0.5349,0.0139,5
phikon,jpeg,10,TUM,0.6814,0.0183,5
phikon,jpeg,5,ADI,0.8055,0.0125,5
phikon,jpeg,5,BACK,1.0,0.0,5
phikon,jpeg,5,DEB,0.046,0.0026,5
phikon,jpeg,5,LYM,0.0735,0.0062,5
phikon,jpeg,5,MUC,0.1258,0.0049,5
phikon,jpeg,5,MUS,0.0,0.0,5
phikon,jpeg,5,NORM,0.1417,0.003,5
phikon,jpeg,5,STR,0.0014,0.0013,5
phikon,jpeg,5,TUM,0.0342,0.0038,5
phikon,stain,0.1,ADI,0.9659,0.0018,5
phikon,stain,0.1,BACK,1.0,0.0,5
phikon,stain,0.1,DEB,0.9994,0.0013,5
phikon,stain,0.1,LYM,0.994,0.0013,5
phikon,stain,0.1,MUC,0.9985,0.0005,5
phikon,stain,0.1,MUS,0.7777,0.0009,5
phikon,stain,0.1,NORM,0.9984,0.0015,5
phikon,stain,0.1,STR,0.7178,0.009,5
phikon,stain,0.1,TUM,0.9901,0.0012,5
phikon,stain,0.2,ADI,0.9638,0.0021,5
phikon,stain,0.2,BACK,1.0,0.0,5
phikon,stain,0.2,DEB,0.9994,0.0013,5
phikon,stain,0.2,LYM,0.9921,0.0,5
phikon,stain,0.2,MUC,0.9983,0.0008,5
phikon,stain,0.2,MUS,0.8304,0.0046,5
phikon,stain,0.2,NORM,0.9957,0.0011,5
phikon,stain,0.2,STR,0.6641,0.0154,5
phikon,stain,0.2,TUM,0.9848,0.0018,5
phikon,stain,0.3,ADI,0.971,0.0015,5
phikon,stain,0.3,BACK,1.0,0.0,5
phikon,stain,0.3,DEB,0.99,0.0045,5
phikon,stain,0.3,LYM,0.9845,0.0067,5
phikon,stain,0.3,MUC,0.9981,0.0007,5
phikon,stain,0.3,MUS,0.9003,0.0045,5
phikon,stain,0.3,NORM,0.9943,0.0006,5
phikon,stain,0.3,STR,0.5815,0.0136,5
phikon,stain,0.3,TUM,0.9739,0.0045,5
phikon,stain,0.4,ADI,0.9758,0.0021,5
phikon,stain,0.4,BACK,1.0,0.0,5
phikon,stain,0.4,DEB,0.9817,0.0064,5
phikon,stain,0.4,LYM,0.9473,0.0115,5
phikon,stain,0.4,MUC,0.9988,0.0004,5
phikon,stain,0.4,MUS,0.95,0.0054,5
phikon,stain,0.4,NORM,0.9946,0.001,5
phikon,stain,0.4,STR,0.5311,0.0068,5
phikon,stain,0.4,TUM,0.965,0.0035,5
phikon,stain,0.5,ADI,0.978,0.0017,5
phikon,stain,0.5,BACK,1.0,0.0,5
phikon,stain,0.5,DEB,0.9345,0.0122,5
phikon,stain,0.5,LYM,0.8587,0.0135,5
phikon,stain,0.5,MUC,0.999,0.0,5
phikon,stain,0.5,MUS,0.9747,0.0046,5
phikon,stain,0.5,NORM,0.9949,0.0006,5
phikon,stain,0.5,STR,0.5064,0.0153,5
phikon,stain,0.5,TUM,0.9609,0.0044,5
phikon-v2,clean,0,ADI,0.9888,0.0005,5
phikon-v2,clean,0,BACK,1.0,0.0,5
phikon-v2,clean,0,DEB,1.0,0.0,5
phikon-v2,clean,0,LYM,0.9978,0.0009,5
phikon-v2,clean,0,MUC,0.999,0.0,5
phikon-v2,clean,0,MUS,0.7696,0.0009,5
phikon-v2,clean,0,NORM,0.9981,0.0012,5
phikon-v2,clean,0,STR,0.7634,0.0076,5
phikon-v2,clean,0,TUM,0.9919,0.0006,5
phikon-v2,blur,0.5,ADI,0.9861,0.0009,5
phikon-v2,blur,0.5,BACK,1.0,0.0,5
phikon-v2,blur,0.5,DEB,1.0,0.0,5
phikon-v2,blur,0.5,LYM,0.9981,0.0007,5
phikon-v2,blur,0.5,MUC,0.999,0.0,5
phikon-v2,blur,0.5,MUS,0.7693,0.0009,5
phikon-v2,blur,0.5,NORM,0.9976,0.0006,5
phikon-v2,blur,0.5,STR,0.7468,0.0119,5
phikon-v2,blur,0.5,TUM,0.9922,0.0004,5
phikon-v2,blur,1,ADI,0.9868,0.0011,5
phikon-v2,blur,1,BACK,1.0,0.0,5
phikon-v2,blur,1,DEB,1.0,0.0,5
phikon-v2,blur,1,LYM,0.9946,0.0009,5
phikon-v2,blur,1,MUC,0.999,0.0,5
phikon-v2,blur,1,MUS,0.7699,0.0008,5
phikon-v2,blur,1,NORM,0.9973,0.0,5
phikon-v2,blur,1,STR,0.7292,0.0158,5
phikon-v2,blur,1,TUM,0.9922,0.0004,5
phikon-v2,blur,2,ADI,0.9831,0.0009,5
phikon-v2,blur,2,BACK,1.0,0.0,5
phikon-v2,blur,2,DEB,1.0,0.0,5
phikon-v2,blur,2,LYM,0.9943,0.0009,5
phikon-v2,blur,2,MUC,0.999,0.0,5
phikon-v2,blur,2,MUS,0.7655,0.0014,5
phikon-v2,blur,2,NORM,0.9989,0.0006,5
phikon-v2,blur,2,STR,0.7302,0.0078,5
phikon-v2,blur,2,TUM,0.9917,0.0004,5
phikon-v2,blur,3,ADI,0.9915,0.0004,5
phikon-v2,blur,3,BACK,1.0,0.0,5
phikon-v2,blur,3,DEB,0.9599,0.0113,5
phikon-v2,blur,3,LYM,1.0,0.0,5
phikon-v2,blur,3,MUC,0.9977,0.0009,5
phikon-v2,blur,3,MUS,0.675,0.0053,5
phikon-v2,blur,3,NORM,0.9973,0.0,5
phikon-v2,blur,3,STR,0.9235,0.0057,5
phikon-v2,blur,3,TUM,0.9528,0.0032,5
phikon-v2,blur,3.5,ADI,0.9865,0.0016,5
phikon-v2,blur,3.5,BACK,1.0,0.0,5
phikon-v2,blur,3.5,DEB,0.7245,0.0374,5
phikon-v2,blur,3.5,LYM,1.0,0.0,5
phikon-v2,blur,3.5,MUC,0.9971,0.0,5
phikon-v2,blur,3.5,MUS,0.597,0.0082,5
phikon-v2,blur,3.5,NORM,0.9973,0.0,5
phikon-v2,blur,3.5,STR,0.9097,0.0096,5
phikon-v2,blur,3.5,TUM,0.9363,0.005,5
phikon-v2,blur,4,ADI,0.9857,0.0012,5
phikon-v2,blur,4,BACK,0.9993,0.0006,5
phikon-v2,blur,4,DEB,0.5599,0.0233,5
phikon-v2,blur,4,LYM,0.9773,0.004,5
phikon-v2,blur,4,MUC,0.9988,0.0004,5
phikon-v2,blur,4,MUS,0.5358,0.0126,5
phikon-v2,blur,4,NORM,0.9973,0.0,5
phikon-v2,blur,4,STR,0.9064,0.0103,5
phikon-v2,blur,4,TUM,0.9101,0.012,5
phikon-v2,blur,5,ADI,0.9664,0.0056,5
phikon-v2,blur,5,BACK,1.0,0.0,5
phikon-v2,blur,5,DEB,0.3835,0.0369,5
phikon-v2,blur,5,LYM,0.5155,0.0366,5
phikon-v2,blur,5,MUC,0.9911,0.0014,5
phikon-v2,blur,5,MUS,0.4797,0.0082,5
phikon-v2,blur,5,NORM,0.9981,0.0007,5
phikon-v2,blur,5,STR,0.8048,0.0127,5
phikon-v2,blur,5,TUM,0.8438,0.0162,5
phikon-v2,blur,6,ADI,0.9034,0.0153,5
phikon-v2,blur,6,BACK,1.0,0.0,5
phikon-v2,blur,6,DEB,0.1676,0.0392,5
phikon-v2,blur,6,LYM,0.0054,0.0033,5
phikon-v2,blur,6,MUC,0.9324,0.005,5
phikon-v2,blur,6,MUS,0.4041,0.005,5
phikon-v2,blur,6,NORM,0.9941,0.0007,5
phikon-v2,blur,6,STR,0.7045,0.0181,5
phikon-v2,blur,6,TUM,0.7549,0.0272,5
phikon-v2,jpeg,70,ADI,0.997,0.0,5
phikon-v2,jpeg,70,BACK,1.0,0.0,5
phikon-v2,jpeg,70,DEB,1.0,0.0,5
phikon-v2,jpeg,70,LYM,0.9987,0.0013,5
phikon-v2,jpeg,70,MUC,1.0,0.0,5
phikon-v2,jpeg,70,MUS,0.7284,0.0061,5
phikon-v2,jpeg,70,NORM,0.9951,0.0007,5
phikon-v2,jpeg,70,STR,0.914,0.0039,5
phikon-v2,jpeg,70,TUM,0.9392,0.0011,5
phikon-v2,jpeg,50,ADI,0.9975,0.0004,5
phikon-v2,jpeg,50,BACK,1.0,0.0,5
phikon-v2,jpeg,50,DEB,1.0,0.0,5
phikon-v2,jpeg,50,LYM,0.9962,0.0014,5
phikon-v2,jpeg,50,MUC,0.999,0.0,5
phikon-v2,jpeg,50,MUS,0.7024,0.0051,5
phikon-v2,jpeg,50,NORM,0.9965,0.0007,5
phikon-v2,jpeg,50,STR,0.9316,0.0011,5
phikon-v2,jpeg,50,TUM,0.9241,0.0027,5
phikon-v2,jpeg,30,ADI,0.9991,0.0003,5
phikon-v2,jpeg,30,BACK,1.0,0.0,5
phikon-v2,jpeg,30,DEB,1.0,0.0,5
phikon-v2,jpeg,30,LYM,0.9785,0.0018,5
phikon-v2,jpeg,30,MUC,0.9981,0.0007,5
phikon-v2,jpeg,30,MUS,0.6983,0.0023,5
phikon-v2,jpeg,30,NORM,0.9949,0.0006,5
phikon-v2,jpeg,30,STR,0.9097,0.0041,5
phikon-v2,jpeg,30,TUM,0.903,0.0037,5
phikon-v2,jpeg,25,ADI,0.9991,0.0003,5
phikon-v2,jpeg,25,BACK,1.0,0.0,5
phikon-v2,jpeg,25,DEB,1.0,0.0,5
phikon-v2,jpeg,25,LYM,0.9448,0.0039,5
phikon-v2,jpeg,25,MUC,0.9952,0.0015,5
phikon-v2,jpeg,25,MUS,0.6716,0.0056,5
phikon-v2,jpeg,25,NORM,0.9946,0.0,5
phikon-v2,jpeg,25,STR,0.8546,0.0072,5
phikon-v2,jpeg,25,TUM,0.8582,0.0057,5
phikon-v2,jpeg,20,ADI,0.9993,0.0,5
phikon-v2,jpeg,20,BACK,1.0,0.0,5
phikon-v2,jpeg,20,DEB,0.9823,0.0,5
phikon-v2,jpeg,20,LYM,0.8438,0.0046,5
phikon-v2,jpeg,20,MUC,0.9604,0.0056,5
phikon-v2,jpeg,20,MUS,0.6,0.0071,5
phikon-v2,jpeg,20,NORM,0.9892,0.0,5
phikon-v2,jpeg,20,STR,0.734,0.0119,5
phikon-v2,jpeg,20,TUM,0.7903,0.0091,5
phikon-v2,jpeg,15,ADI,0.9972,0.0013,5
phikon-v2,jpeg,15,BACK,1.0,0.0,5
phikon-v2,jpeg,15,DEB,0.9021,0.0103,5
phikon-v2,jpeg,15,LYM,0.677,0.0082,5
phikon-v2,jpeg,15,MUC,0.8713,0.0147,5
phikon-v2,jpeg,15,MUS,0.3402,0.0135,5
phikon-v2,jpeg,15,NORM,0.9695,0.002,5
phikon-v2,jpeg,15,STR,0.4798,0.0115,5
phikon-v2,jpeg,15,TUM,0.6096,0.0115,5
phikon-v2,jpeg,10,ADI,0.9818,0.004,5
phikon-v2,jpeg,10,BACK,1.0,0.0,5
phikon-v2,jpeg,10,DEB,0.2206,0.0079,5
phikon-v2,jpeg,10,LYM,0.2726,0.0133,5
phikon-v2,jpeg,10,MUC,0.2537,0.0188,5
phikon-v2,jpeg,10,MUS,0.0916,0.0037,5
phikon-v2,jpeg,10,NORM,0.857,0.0037,5
phikon-v2,jpeg,10,STR,0.1853,0.0147,5
phikon-v2,jpeg,10,TUM,0.2621,0.0172,5
phikon-v2,jpeg,5,ADI,0.7402,0.024,5
phikon-v2,jpeg,5,BACK,1.0,0.0,5
phikon-v2,jpeg,5,DEB,0.0,0.0,5
phikon-v2,jpeg,5,LYM,0.0,0.0,5
phikon-v2,jpeg,5,MUC,0.001,0.0,5
phikon-v2,jpeg,5,MUS,0.0,0.0,5
phikon-v2,jpeg,5,NORM,0.0035,0.0007,5
phikon-v2,jpeg,5,STR,0.0,0.0,5
phikon-v2,jpeg,5,TUM,0.0,0.0,5
phikon-v2,stain,0.1,ADI,0.9825,0.0011,5
phikon-v2,stain,0.1,BACK,1.0,0.0,5
phikon-v2,stain,0.1,DEB,0.9864,0.0054,5
phikon-v2,stain,0.1,LYM,0.9968,0.0,5
phikon-v2,stain,0.1,MUC,0.999,0.0,5
phikon-v2,stain,0.1,MUS,0.7696,0.0009,5
phikon-v2,stain,0.1,NORM,0.9992,0.0007,5
phikon-v2,stain,0.1,STR,0.6955,0.0148,5
phikon-v2,stain,0.1,TUM,0.9901,0.0007,5
phikon-v2,stain,0.2,ADI,0.9815,0.0008,5
phikon-v2,stain,0.2,BACK,1.0,0.0,5
phikon-v2,stain,0.2,DEB,0.9823,0.0042,5
phikon-v2,stain,0.2,LYM,0.9858,0.0011,5
phikon-v2,stain,0.2,MUC,0.999,0.0,5
phikon-v2,stain,0.2,MUS,0.7784,0.0022,5
phikon-v2,stain,0.2,NORM,0.9973,0.0,5
phikon-v2,stain,0.2,STR,0.609,0.0091,5
phikon-v2,stain,0.2,TUM,0.9867,0.0007,5
phikon-v2,stain,0.3,ADI,0.984,0.0011,5
phikon-v2,stain,0.3,BACK,1.0,0.0,5
phikon-v2,stain,0.3,DEB,0.9841,0.0034,5
phikon-v2,stain,0.3,LYM,0.9186,0.0121,5
phikon-v2,stain,0.3,MUC,0.999,0.0,5
phikon-v2,stain,0.3,MUS,0.7973,0.0052,5
phikon-v2,stain,0.3,NORM,0.9973,0.0,5
phikon-v2,stain,0.3,STR,0.5401,0.0108,5
phikon-v2,stain,0.3,TUM,0.9836,0.0011,5
phikon-v2,stain,0.4,ADI,0.9891,0.0004,5
phikon-v2,stain,0.4,BACK,1.0,0.0,5
phikon-v2,stain,0.4,DEB,0.9676,0.0069,5
phikon-v2,stain,0.4,LYM,0.8186,0.0153,5
phikon-v2,stain,0.4,MUC,0.999,0.0,5
phikon-v2,stain,0.4,MUS,0.824,0.0088,5
phikon-v2,stain,0.4,NORM,0.9973,0.0,5
phikon-v2,stain,0.4,STR,0.4869,0.016,5
phikon-v2,stain,0.4,TUM,0.9768,0.0027,5
phikon-v2,stain,0.5,ADI,0.9969,0.0006,5
phikon-v2,stain,0.5,BACK,1.0,0.0,5
phikon-v2,stain,0.5,DEB,0.9074,0.0085,5
phikon-v2,stain,0.5,LYM,0.7565,0.014,5
phikon-v2,stain,0.5,MUC,0.999,0.0,5
phikon-v2,stain,0.5,MUS,0.8243,0.0076,5
phikon-v2,stain,0.5,NORM,0.9973,0.0,5
phikon-v2,stain,0.5,STR,0.4755,0.0161,5
phikon-v2,stain,0.5,TUM,0.9781,0.0026,5
dinov2-l,clean,0,ADI,0.9993,0.0,5
dinov2-l,clean,0,BACK,0.9972,0.0006,5
dinov2-l,clean,0,DEB,0.9528,0.0021,5
dinov2-l,clean,0,LYM,0.9823,0.0007,5
dinov2-l,clean,0,MUC,0.9697,0.0021,5
dinov2-l,clean,0,MUS,0.8078,0.0086,5
dinov2-l,clean,0,NORM,0.9128,0.0072,5
dinov2-l,clean,0,STR,0.5748,0.0137,5
dinov2-l,clean,0,TUM,0.8524,0.0037,5
dinov2-l,blur,0.5,ADI,0.9993,0.0,5
dinov2-l,blur,0.5,BACK,0.9969,0.0006,5
dinov2-l,blur,0.5,DEB,0.9546,0.0045,5
dinov2-l,blur,0.5,LYM,0.9808,0.0007,5
dinov2-l,blur,0.5,MUC,0.9749,0.0012,5
dinov2-l,blur,0.5,MUS,0.8081,0.0115,5
dinov2-l,blur,0.5,NORM,0.9282,0.0037,5
dinov2-l,blur,0.5,STR,0.5938,0.0167,5
dinov2-l,blur,0.5,TUM,0.847,0.0056,5
dinov2-l,blur,1,ADI,0.9985,0.0,5
dinov2-l,blur,1,BACK,0.9965,0.0,5
dinov2-l,blur,1,DEB,0.9752,0.0045,5
dinov2-l,blur,1,LYM,0.982,0.0009,5
dinov2-l,blur,1,MUC,0.9762,0.0027,5
dinov2-l,blur,1,MUS,0.8105,0.012,5
dinov2-l,blur,1,NORM,0.9371,0.0026,5
dinov2-l,blur,1,STR,0.5938,0.0165,5
dinov2-l,blur,1,TUM,0.8357,0.0063,5
dinov2-l,blur,2,ADI,0.9957,0.0006,5
dinov2-l,blur,2,BACK,0.9988,0.0,5
dinov2-l,blur,2,DEB,0.8973,0.0089,5
dinov2-l,blur,2,LYM,0.8823,0.0086,5
dinov2-l,blur,2,MUC,0.8792,0.0034,5
dinov2-l,blur,2,MUS,0.8544,0.0121,5
dinov2-l,blur,2,NORM,0.9341,0.0046,5
dinov2-l,blur,2,STR,0.361,0.0237,5
dinov2-l,blur,2,TUM,0.6968,0.011,5
dinov2-l,blur,3,ADI,0.9864,0.0019,5
dinov2-l,blur,3,BACK,1.0,0.0,5
dinov2-l,blur,3,DEB,0.7251,0.0177,5
dinov2-l,blur,3,LYM,0.7476,0.0169,5
dinov2-l,blur,3,MUC,0.5708,0.0106,5
dinov2-l,blur,3,MUS,0.9179,0.0142,5
dinov2-l,blur,3,NORM,0.8667,0.0064,5
dinov2-l,blur,3,STR,0.1672,0.0154,5
dinov2-l,blur,3,TUM,0.4146,0.0199,5
dinov2-l,blur,3.5,ADI,0.9735,0.0047,5
dinov2-l,blur,3.5,BACK,1.0,0.0,5
dinov2-l,blur,3.5,DEB,0.685,0.0219,5
dinov2-l,blur,3.5,LYM,0.6016,0.0139,5
dinov2-l,blur,3.5,MUC,0.4558,0.0092,5
dinov2-l,blur,3.5,MUS,0.9095,0.017,5
dinov2-l,blur,3.5,NORM,0.8221,0.0065,5
dinov2-l,blur,3.5,STR,0.1059,0.01,5
dinov2-l,blur,3.5,TUM,0.3059,0.0195,5
dinov2-l,blur,4,ADI,0.9549,0.0048,5
dinov2-l,blur,4,BACK,1.0,0.0,5
dinov2-l,blur,4,DEB,0.6112,0.0237,5
dinov2-l,blur,4,LYM,0.4719,0.0084,5
dinov2-l,blur,4,MUC,0.3716,0.0101,5
dinov2-l,blur,4,MUS,0.9108,0.0121,5
dinov2-l,blur,4,NORM,0.7471,0.0075,5
dinov2-l,blur,4,STR,0.0527,0.0057,5
dinov2-l,blur,4,TUM,0.219,0.016,5
dinov2-l,blur,5,ADI,0.9015,0.0098,5
dinov2-l,blur,5,BACK,1.0,0.0,5
dinov2-l,blur,5,DEB,0.4265,0.0169,5
dinov2-l,blur,5,LYM,0.2637,0.0156,5
dinov2-l,blur,5,MUC,0.2083,0.0081,5
dinov2-l,blur,5,MUS,0.8747,0.0195,5
dinov2-l,blur,5,NORM,0.563,0.0184,5
dinov2-l,blur,5,STR,0.0247,0.0055,5
dinov2-l,blur,5,TUM,0.098,0.0129,5
dinov2-l,blur,6,ADI,0.8372,0.0119,5
dinov2-l,blur,6,BACK,1.0,0.0,5
dinov2-l,blur,6,DEB,0.2708,0.0107,5
dinov2-l,blur,6,LYM,0.0423,0.0036,5
dinov2-l,blur,6,MUC,0.0887,0.0049,5
dinov2-l,blur,6,MUS,0.823,0.0248,5
dinov2-l,blur,6,NORM,0.3765,0.0219,5
dinov2-l,blur,6,STR,0.0038,0.0013,5
dinov2-l,blur,6,TUM,0.044,0.0073,5
dinov2-l,jpeg,70,ADI,0.9976,0.0003,5
dinov2-l,jpeg,70,BACK,0.9981,0.0006,5
dinov2-l,jpeg,70,DEB,0.9622,0.0064,5
dinov2-l,jpeg,70,LYM,0.9905,0.0011,5
dinov2-l,jpeg,70,MUC,0.9451,0.0019,5
dinov2-l,jpeg,70,MUS,0.7355,0.0123,5
dinov2-l,jpeg,70,NORM,0.9142,0.0034,5
dinov2-l,jpeg,70,STR,0.7192,0.014,5
dinov2-l,jpeg,70,TUM,0.8044,0.0068,5
dinov2-l,jpeg,50,ADI,0.9966,0.0007,5
dinov2-l,jpeg,50,BACK,0.9976,0.0,5
dinov2-l,jpeg,50,DEB,0.9628,0.0049,5
dinov2-l,jpeg,50,LYM,0.9912,0.0014,5
dinov2-l,jpeg,50,MUC,0.9378,0.0051,5
dinov2-l,jpeg,50,MUS,0.6818,0.0146,5
dinov2-l,jpeg,50,NORM,0.9039,0.0026,5
dinov2-l,jpeg,50,STR,0.7625,0.0176,5
dinov2-l,jpeg,50,TUM,0.78,0.0056,5
dinov2-l,jpeg,30,ADI,0.9961,0.001,5
dinov2-l,jpeg,30,BACK,0.9972,0.002,5
dinov2-l,jpeg,30,DEB,0.9599,0.0061,5
dinov2-l,jpeg,30,LYM,0.9896,0.0014,5
dinov2-l,jpeg,30,MUC,0.9215,0.0059,5
dinov2-l,jpeg,30,MUS,0.6189,0.0149,5
dinov2-l,jpeg,30,NORM,0.8818,0.0064,5
dinov2-l,jpeg,30,STR,0.8257,0.0083,5
dinov2-l,jpeg,30,TUM,0.7702,0.004,5
dinov2-l,jpeg,25,ADI,0.9976,0.0008,5
dinov2-l,jpeg,25,BACK,0.9993,0.0011,5
dinov2-l,jpeg,25,DEB,0.9723,0.0016,5
dinov2-l,jpeg,25,LYM,0.988,0.0026,5
dinov2-l,jpeg,25,MUC,0.9188,0.0049,5
dinov2-l,jpeg,25,MUS,0.5804,0.0103,5
dinov2-l,jpeg,25,NORM,0.8723,0.0033,5
dinov2-l,jpeg,25,STR,0.838,0.0141,5
dinov2-l,jpeg,25,TUM,0.7643,0.0052,5
dinov2-l,jpeg,20,ADI,0.9943,0.0004,5
dinov2-l,jpeg,20,BACK,0.9988,0.0008,5
dinov2-l,jpeg,20,DEB,0.9717,0.0034,5
dinov2-l,jpeg,20,LYM,0.9842,0.0032,5
dinov2-l,jpeg,20,MUC,0.9053,0.0091,5
dinov2-l,jpeg,20,MUS,0.5655,0.007,5
dinov2-l,jpeg,20,NORM,0.865,0.0034,5
dinov2-l,jpeg,20,STR,0.8556,0.0051,5
dinov2-l,jpeg,20,TUM,0.7582,0.0091,5
dinov2-l,jpeg,15,ADI,0.9934,0.0006,5
dinov2-l,jpeg,15,BACK,0.9988,0.0,5
dinov2-l,jpeg,15,DEB,0.9681,0.0025,5
dinov2-l,jpeg,15,LYM,0.9804,0.0024,5
dinov2-l,jpeg,15,MUC,0.8924,0.0136,5
dinov2-l,jpeg,15,MUS,0.4784,0.0137,5
dinov2-l,jpeg,15,NORM,0.8464,0.0089,5
dinov2-l,jpeg,15,STR,0.8689,0.0051,5
dinov2-l,jpeg,15,TUM,0.7202,0.0086,5
dinov2-l,jpeg,10,ADI,0.9897,0.001,5
dinov2-l,jpeg,10,BACK,1.0,0.0,5
dinov2-l,jpeg,10,DEB,0.9658,0.0016,5
dinov2-l,jpeg,10,LYM,0.9372,0.0044,5
dinov2-l,jpeg,10,MUC,0.8558,0.0197,5
dinov2-l,jpeg,10,MUS,0.3956,0.0164,5
dinov2-l,jpeg,10,NORM,0.854,0.0073,5
dinov2-l,jpeg,10,STR,0.8128,0.007,5
dinov2-l,jpeg,10,TUM,0.6449,0.0082,5
dinov2-l,jpeg,5,ADI,0.9807,0.0027,5
dinov2-l,jpeg,5,BACK,0.9993,0.0006,5
dinov2-l,jpeg,5,DEB,0.9475,0.0053,5
dinov2-l,jpeg,5,LYM,0.7473,0.0173,5
dinov2-l,jpeg,5,MUC,0.5753,0.0296,5
dinov2-l,jpeg,5,MUS,0.4669,0.0302,5
dinov2-l,jpeg,5,NORM,0.8111,0.0186,5
dinov2-l,jpeg,5,STR,0.5112,0.03,5
dinov2-l,jpeg,5,TUM,0.26,0.0118,5
dinov2-l,stain,0.1,ADI,0.9993,0.0,5
dinov2-l,stain,0.1,BACK,0.9972,0.0006,5
dinov2-l,stain,0.1,DEB,0.9552,0.0032,5
dinov2-l,stain,0.1,LYM,0.9845,0.0017,5
dinov2-l,stain,0.1,MUC,0.9722,0.0028,5
dinov2-l,stain,0.1,MUS,0.8081,0.0122,5
dinov2-l,stain,0.1,NORM,0.9104,0.009,5
dinov2-l,stain,0.1,STR,0.5772,0.0152,5
dinov2-l,stain,0.1,TUM,0.8647,0.0053,5
dinov2-l,stain,0.2,ADI,0.9993,0.0,5
dinov2-l,stain,0.2,BACK,0.9972,0.0006,5
dinov2-l,stain,0.2,DEB,0.9558,0.0029,5
dinov2-l,stain,0.2,LYM,0.9849,0.0018,5
dinov2-l,stain,0.2,MUC,0.9768,0.0033,5
dinov2-l,stain,0.2,MUS,0.8068,0.0135,5
dinov2-l,stain,0.2,NORM,0.9109,0.009,5
dinov2-l,stain,0.2,STR,0.5819,0.0133,5
dinov2-l,stain,0.2,TUM,0.877,0.0038,5
dinov2-l,stain,0.3,ADI,0.9993,0.0,5
dinov2-l,stain,0.3,BACK,0.9981,0.0006,5
dinov2-l,stain,0.3,DEB,0.9552,0.0053,5
dinov2-l,stain,0.3,LYM,0.9845,0.0017,5
dinov2-l,stain,0.3,MUC,0.9772,0.0021,5
dinov2-l,stain,0.3,MUS,0.8024,0.0134,5
dinov2-l,stain,0.3,NORM,0.9139,0.0087,5
dinov2-l,stain,0.3,STR,0.58,0.0125,5
dinov2-l,stain,0.3,TUM,0.8876,0.0037,5
dinov2-l,stain,0.4,ADI,0.9993,0.0,5
dinov2-l,stain,0.4,BACK,0.9979,0.0005,5
dinov2-l,stain,0.4,DEB,0.954,0.0034,5
dinov2-l,stain,0.4,LYM,0.9845,0.0017,5
dinov2-l,stain,0.4,MUC,0.9786,0.0017,5
dinov2-l,stain,0.4,MUS,0.7993,0.0136,5
dinov2-l,stain,0.4,NORM,0.9134,0.0088,5
dinov2-l,stain,0.4,STR,0.5777,0.0068,5
dinov2-l,stain,0.4,TUM,0.8933,0.0045,5
dinov2-l,stain,0.5,ADI,0.9993,0.0,5
dinov2-l,stain,0.5,BACK,0.9974,0.0005,5
dinov2-l,stain,0.5,DEB,0.9516,0.0074,5
dinov2-l,stain,0.5,LYM,0.9858,0.0019,5
dinov2-l,stain,0.5,MUC,0.9782,0.002,5
dinov2-l,stain,0.5,MUS,0.7993,0.0142,5
dinov2-l,stain,0.5,NORM,0.9166,0.0073,5
dinov2-l,stain,0.5,STR,0.5629,0.0125,5
dinov2-l,stain,0.5,TUM,0.8962,0.0039,5
kaiko-b16,clean,0,ADI,0.9967,0.0004,5
kaiko-b16,clean,0,BACK,1.0,0.0,5
kaiko-b16,clean,0,DEB,0.9965,0.0032,5
kaiko-b16,clean,0,LYM,0.9978,0.0014,5
kaiko-b16,clean,0,MUC,0.999,0.0,5
kaiko-b16,clean,0,MUS,0.7838,0.0071,5
kaiko-b16,clean,0,NORM,0.9954,0.0012,5
kaiko-b16,clean,0,STR,0.7705,0.0057,5
kaiko-b16,clean,0,TUM,0.975,0.0016,5
kaiko-b16,blur,0.5,ADI,0.997,0.0005,5
kaiko-b16,blur,0.5,BACK,1.0,0.0,5
kaiko-b16,blur,0.5,DEB,0.9976,0.0025,5
kaiko-b16,blur,0.5,LYM,0.9981,0.0007,5
kaiko-b16,blur,0.5,MUC,0.999,0.0,5
kaiko-b16,blur,0.5,MUS,0.7818,0.003,5
kaiko-b16,blur,0.5,NORM,0.9933,0.0,5
kaiko-b16,blur,0.5,STR,0.7686,0.0055,5
kaiko-b16,blur,0.5,TUM,0.977,0.0014,5
kaiko-b16,blur,1,ADI,0.9936,0.0007,5
kaiko-b16,blur,1,BACK,1.0,0.0,5
kaiko-b16,blur,1,DEB,0.9994,0.0013,5
kaiko-b16,blur,1,LYM,0.9968,0.0,5
kaiko-b16,blur,1,MUC,0.999,0.0,5
kaiko-b16,blur,1,MUS,0.7912,0.0059,5
kaiko-b16,blur,1,NORM,0.9946,0.001,5
kaiko-b16,blur,1,STR,0.7596,0.0061,5
kaiko-b16,blur,1,TUM,0.982,0.0019,5
kaiko-b16,blur,2,ADI,0.9918,0.0012,5
kaiko-b16,blur,2,BACK,1.0,0.0,5
kaiko-b16,blur,2,DEB,0.9876,0.0096,5
kaiko-b16,blur,2,LYM,0.9953,0.0,5
kaiko-b16,blur,2,MUC,0.999,0.0,5
kaiko-b16,blur,2,MUS,0.7807,0.0014,5
kaiko-b16,blur,2,NORM,0.9984,0.0006,5
kaiko-b16,blur,2,STR,0.7734,0.0137,5
kaiko-b16,blur,2,TUM,0.9732,0.0014,5
kaiko-b16,blur,3,ADI,0.9958,0.0004,5
kaiko-b16,blur,3,BACK,1.0,0.0,5
kaiko-b16,blur,3,DEB,0.8555,0.0236,5
kaiko-b16,blur,3,LYM,0.9997,0.0007,5
kaiko-b16,blur,3,MUC,0.9811,0.0009,5
kaiko-b16,blur,3,MUS,0.7206,0.0039,5
kaiko-b16,blur,3,NORM,0.9919,0.0,5
kaiko-b16,blur,3,STR,0.6641,0.0294,5
kaiko-b16,blur,3,TUM,0.9254,0.0108,5
kaiko-b16,blur,3.5,ADI,0.9839,0.0011,5
kaiko-b16,blur,3.5,BACK,1.0,0.0,5
kaiko-b16,blur,3.5,DEB,0.5711,0.0318,5
kaiko-b16,blur,3.5,LYM,0.9823,0.0036,5
kaiko-b16,blur,3.5,MUC,0.8504,0.0051,5
kaiko-b16,blur,3.5,MUS,0.6882,0.0082,5
kaiko-b16,blur,3.5,NORM,0.9854,0.0015,5
kaiko-b16,blur,3.5,STR,0.5026,0.0184,5
kaiko-b16,blur,3.5,TUM,0.9048,0.0206,5
kaiko-b16,blur,4,ADI,0.9075,0.0038,5
kaiko-b16,blur,4,BACK,1.0,0.0,5
kaiko-b16,blur,4,DEB,0.1888,0.0275,5
kaiko-b16,blur,4,LYM,0.6432,0.0374,5
kaiko-b16,blur,4,MUC,0.3826,0.0098,5
kaiko-b16,blur,4,MUS,0.6206,0.0096,5
kaiko-b16,blur,4,NORM,0.9598,0.002,5
kaiko-b16,blur,4,STR,0.1881,0.0296,5
kaiko-b16,blur,4,TUM,0.6808,0.0535,5
kaiko-b16,blur,5,ADI,0.4543,0.021,5
kaiko-b16,blur,5,BACK,1.0,0.0,5
kaiko-b16,blur,5,DEB,0.0,0.0,5
kaiko-b16,blur,5,LYM,0.0,0.0,5
kaiko-b16,blur,5,MUC,0.001,0.0,5
kaiko-b16,blur,5,MUS,0.0932,0.0093,5
kaiko-b16,blur,5,NORM,0.4982,0.0132,5
kaiko-b16,blur,5,STR,0.0,0.0,5
kaiko-b16,blur,5,TUM,0.0115,0.0068,5
kaiko-b16,blur,6,ADI,0.0562,0.0089,5
kaiko-b16,blur,6,BACK,1.0,0.0,5
kaiko-b16,blur,6,DEB,0.0,0.0,5
kaiko-b16,blur,6,LYM,0.0,0.0,5
kaiko-b16,blur,6,MUC,0.0,0.0,5
kaiko-b16,blur,6,MUS,0.0,0.0,5
kaiko-b16,blur,6,NORM,0.0097,0.002,5
kaiko-b16,blur,6,STR,0.0,0.0,5
kaiko-b16,blur,6,TUM,0.0,0.0,5
kaiko-b16,jpeg,70,ADI,1.0,0.0,5
kaiko-b16,jpeg,70,BACK,1.0,0.0,5
kaiko-b16,jpeg,70,DEB,0.9953,0.0026,5
kaiko-b16,jpeg,70,LYM,0.9927,0.0029,5
kaiko-b16,jpeg,70,MUC,0.9956,0.0009,5
kaiko-b16,jpeg,70,MUS,0.7703,0.0,5
kaiko-b16,jpeg,70,NORM,0.9962,0.0006,5
kaiko-b16,jpeg,70,STR,0.8062,0.0072,5
kaiko-b16,jpeg,70,TUM,0.9599,0.0026,5
kaiko-b16,jpeg,50,ADI,0.9994,0.0003,5
kaiko-b16,jpeg,50,BACK,1.0,0.0,5
kaiko-b16,jpeg,50,DEB,0.9935,0.0048,5
kaiko-b16,jpeg,50,LYM,0.989,0.0022,5
kaiko-b16,jpeg,50,MUC,0.9787,0.0019,5
kaiko-b16,jpeg,50,MUS,0.7703,0.0,5
kaiko-b16,jpeg,50,NORM,0.9957,0.0011,5
kaiko-b16,jpeg,50,STR,0.7772,0.0136,5
kaiko-b16,jpeg,50,TUM,0.947,0.0034,5
kaiko-b16,jpeg,30,ADI,0.9993,0.0,5
kaiko-b16,jpeg,30,BACK,1.0,0.0,5
kaiko-b16,jpeg,30,DEB,0.99,0.0045,5
kaiko-b16,jpeg,30,LYM,0.9502,0.0035,5
kaiko-b16,jpeg,30,MUC,0.9413,0.0028,5
kaiko-b16,jpeg,30,MUS,0.7686,0.0012,5
kaiko-b16,jpeg,30,NORM,0.9887,0.0007,5
kaiko-b16,jpeg,30,STR,0.7596,0.0173,5
kaiko-b16,jpeg,30,TUM,0.8944,0.0043,5
kaiko-b16,jpeg,25,ADI,0.9978,0.0005,5
kaiko-b16,jpeg,25,BACK,1.0,0.0,5
kaiko-b16,jpeg,25,DEB,0.9864,0.0045,5
kaiko-b16,jpeg,25,LYM,0.8792,0.0097,5
kaiko-b16,jpeg,25,MUC,0.902,0.0066,5
kaiko-b16,jpeg,25,MUS,0.7608,0.0015,5
kaiko-b16,jpeg,25,NORM,0.9892,0.0,5
kaiko-b16,jpeg,25,STR,0.7392,0.0144,5
kaiko-b16,jpeg,25,TUM,0.8644,0.0022,5
kaiko-b16,jpeg,20,ADI,0.9928,0.0007,5
kaiko-b16,jpeg,20,BACK,1.0,0.0,5
kaiko-b16,jpeg,20,DEB,0.9794,0.0075,5
kaiko-b16,jpeg,20,LYM,0.8063,0.014,5
kaiko-b16,jpeg,20,MUC,0.8408,0.009,5
kaiko-b16,jpeg,20,MUS,0.6963,0.0108,5
kaiko-b16,jpeg,20,NORM,0.9857,0.0007,5
kaiko-b16,jpeg,20,STR,0.743,0.0099,5
kaiko-b16,jpeg,20,TUM,0.7828,0.0048,5
kaiko-b16,jpeg,15,ADI,0.9716,0.002,5
kaiko-b16,jpeg,15,BACK,1.0,0.0,5
kaiko-b16,jpeg,15,DEB,0.9469,0.0127,5
kaiko-b16,jpeg,15,LYM,0.6968,0.0047,5
kaiko-b16,jpeg,15,MUC,0.6643,0.0115,5
kaiko-b16,jpeg,15,MUS,0.4909,0.012,5
kaiko-b16,jpeg,15,NORM,0.9673,0.0006,5
kaiko-b16,jpeg,15,STR,0.6437,0.0044,5
kaiko-b16,jpeg,15,TUM,0.6078,0.0066,5
kaiko-b16,jpeg,10,ADI,0.8659,0.0058,5
kaiko-b16,jpeg,10,BACK,1.0,0.0,5
kaiko-b16,jpeg,10,DEB,0.8236,0.0064,5
kaiko-b16,jpeg,10,LYM,0.642,0.0083,5
kaiko-b16,jpeg,10,MUC,0.2756,0.0168,5
kaiko-b16,jpeg,10,MUS,0.2152,0.0076,5
kaiko-b16,jpeg,10,NORM,0.8256,0.0018,5
kaiko-b16,jpeg,10,STR,0.4855,0.0087,5
kaiko-b16,jpeg,10,TUM,0.2942,0.0086,5
kaiko-b16,jpeg,5,ADI,0.2797,0.0165,5
kaiko-b16,jpeg,5,BACK,1.0,0.0,5
kaiko-b16,jpeg,5,DEB,0.1788,0.0058,5
kaiko-b16,jpeg,5,LYM,0.1038,0.009,5
kaiko-b16,jpeg,5,MUC,0.0,0.0,5
kaiko-b16,jpeg,5,MUS,0.0,0.0,5
kaiko-b16,jpeg,5,NORM,0.004,0.0,5
kaiko-b16,jpeg,5,STR,0.0157,0.0013,5
kaiko-b16,jpeg,5,TUM,0.0,0.0,5
kaiko-b16,stain,0.1,ADI,0.9964,0.0006,5
kaiko-b16,stain,0.1,BACK,1.0,0.0,5
kaiko-b16,stain,0.1,DEB,0.9988,0.0016,5
kaiko-b16,stain,0.1,LYM,0.9972,0.0013,5
kaiko-b16,stain,0.1,MUC,0.999,0.0,5
kaiko-b16,stain,0.1,MUS,0.8277,0.0062,5
kaiko-b16,stain,0.1,NORM,0.9941,0.0007,5
kaiko-b16,stain,0.1,STR,0.7449,0.0125,5
kaiko-b16,stain,0.1,TUM,0.9745,0.0017,5
kaiko-b16,stain,0.2,ADI,0.997,0.0,5
kaiko-b16,stain,0.2,BACK,1.0,0.0,5
kaiko-b16,stain,0.2,DEB,0.9994,0.0013,5
kaiko-b16,stain,0.2,LYM,0.9968,0.0011,5
kaiko-b16,stain,0.2,MUC,0.999,0.0,5
kaiko-b16,stain,0.2,MUS,0.8432,0.0053,5
kaiko-b16,stain,0.2,NORM,0.9911,0.0007,5
kaiko-b16,stain,0.2,STR,0.7116,0.0099,5
kaiko-b16,stain,0.2,TUM,0.9736,0.0012,5
kaiko-b16,stain,0.3,ADI,0.9991,0.001,5
kaiko-b16,stain,0.3,BACK,1.0,0.0,5
kaiko-b16,stain,0.3,DEB,0.9994,0.0013,5
kaiko-b16,stain,0.3,LYM,0.9953,0.0,5
kaiko-b16,stain,0.3,MUC,0.999,0.0,5
kaiko-b16,stain,0.3,MUS,0.8537,0.0064,5
kaiko-b16,stain,0.3,NORM,0.9906,0.0,5
kaiko-b16,stain,0.3,STR,0.6879,0.0132,5
kaiko-b16,stain,0.3,TUM,0.9726,0.0015,5
kaiko-b16,stain,0.4,ADI,1.0,0.0,5
kaiko-b16,stain,0.4,BACK,1.0,0.0,5
kaiko-b16,stain,0.4,DEB,1.0,0.0,5
kaiko-b16,stain,0.4,LYM,0.994,0.0007,5
kaiko-b16,stain,0.4,MUC,0.999,0.0,5
kaiko-b16,stain,0.4,MUS,0.8601,0.0073,5
kaiko-b16,stain,0.4,NORM,0.9906,0.0,5
kaiko-b16,stain,0.4,STR,0.6689,0.0143,5
kaiko-b16,stain,0.4,TUM,0.9703,0.0025,5
kaiko-b16,stain,0.5,ADI,1.0,0.0,5
kaiko-b16,stain,0.5,BACK,1.0,0.0,5
kaiko-b16,stain,0.5,DEB,0.9988,0.0016,5
kaiko-b16,stain,0.5,LYM,0.9931,0.0009,5
kaiko-b16,stain,0.5,MUC,0.9965,0.0005,5
kaiko-b16,stain,0.5,MUS,0.8652,0.0098,5
kaiko-b16,stain,0.5,NORM,0.9908,0.0006,5
kaiko-b16,stain,0.5,STR,0.6508,0.0161,5
kaiko-b16,stain,0.5,TUM,0.9689,0.0023,5
