model,probe,kind,level,seen_in_training,balanced_accuracy,std,n_seeds
phikon,clean,clean,0,False,0.9123,0.0008,5
phikon,clean,blur,0.5,False,0.9128,0.0009,5
phikon,clean,blur,1,False,0.912,0.0023,5
phikon,clean,blur,2,False,0.6683,0.009,5
phikon,clean,blur,3,False,0.5,0.0,5
phikon,clean,blur,3.5,False,0.5,0.0,5
phikon,clean,blur,4,False,0.5,0.0,5
phikon,clean,blur,5,False,0.5,0.0,5
phikon,clean,blur,6,False,0.5,0.0,5
phikon,clean,jpeg,70,False,0.8699,0.0009,5
phikon,clean,jpeg,50,False,0.8802,0.0035,5
phikon,clean,jpeg,30,False,0.8505,0.0041,5
phikon,clean,jpeg,25,False,0.8342,0.0038,5
phikon,clean,jpeg,20,False,0.8232,0.0044,5
phikon,clean,jpeg,15,False,0.7757,0.0037,5
phikon,clean,jpeg,10,False,0.6904,0.003,5
phikon,clean,jpeg,5,False,0.5085,0.0022,5
phikon,clean,stain,0.1,False,0.9026,0.0011,5
phikon,clean,stain,0.2,False,0.8867,0.0026,5
phikon,clean,stain,0.3,False,0.875,0.0034,5
phikon,clean,stain,0.4,False,0.8638,0.0034,5
phikon,clean,stain,0.5,False,0.8502,0.0043,5
phikon,aug_all,clean,0,False,0.9072,0.0018,5
phikon,aug_all,blur,0.5,False,0.9133,0.0021,5
phikon,aug_all,blur,1,False,0.8992,0.0033,5
phikon,aug_all,blur,2,True,0.7643,0.0088,5
phikon,aug_all,blur,3,False,0.6737,0.0057,5
phikon,aug_all,blur,3.5,False,0.6686,0.0036,5
phikon,aug_all,blur,4,True,0.6737,0.0033,5
phikon,aug_all,blur,5,False,0.672,0.0066,5
phikon,aug_all,blur,6,False,0.6237,0.0226,5
phikon,aug_all,jpeg,70,False,0.8861,0.0025,5
phikon,aug_all,jpeg,50,False,0.8948,0.0021,5
phikon,aug_all,jpeg,30,True,0.8815,0.0022,5
phikon,aug_all,jpeg,25,False,0.8755,0.0022,5
phikon,aug_all,jpeg,20,False,0.8688,0.0011,5
phikon,aug_all,jpeg,15,True,0.8467,0.0016,5
phikon,aug_all,jpeg,10,False,0.818,0.002,5
phikon,aug_all,jpeg,5,False,0.6277,0.0089,5
phikon,aug_all,stain,0.1,False,0.903,0.0026,5
phikon,aug_all,stain,0.2,False,0.8991,0.0025,5
phikon,aug_all,stain,0.3,True,0.8947,0.0021,5
phikon,aug_all,stain,0.4,False,0.8877,0.0023,5
phikon,aug_all,stain,0.5,False,0.8785,0.003,5
phikon,aug_blur,clean,0,False,0.8967,0.0014,5
phikon,aug_blur,blur,0.5,False,0.9019,0.0027,5
phikon,aug_blur,blur,1,False,0.8976,0.0051,5
phikon,aug_blur,blur,2,True,0.7658,0.0067,5
phikon,aug_blur,blur,3,False,0.6737,0.0047,5
phikon,aug_blur,blur,3.5,False,0.6712,0.0064,5
phikon,aug_blur,blur,4,True,0.677,0.0064,5
phikon,aug_blur,blur,5,False,0.678,0.0152,5
phikon,aug_blur,blur,6,False,0.6482,0.0346,5
phikon,aug_blur,jpeg,70,False,0.8783,0.0025,5
phikon,aug_blur,jpeg,50,False,0.8668,0.0058,5
phikon,aug_blur,jpeg,30,False,0.8188,0.0066,5
phikon,aug_blur,jpeg,25,False,0.8084,0.0084,5
phikon,aug_blur,jpeg,20,False,0.78,0.009,5
phikon,aug_blur,jpeg,15,False,0.727,0.0139,5
phikon,aug_blur,jpeg,10,False,0.6444,0.0154,5
phikon,aug_blur,jpeg,5,False,0.4963,0.0026,5
phikon,aug_blur,stain,0.1,False,0.8881,0.0019,5
phikon,aug_blur,stain,0.2,False,0.8749,0.0027,5
phikon,aug_blur,stain,0.3,False,0.8587,0.0012,5
phikon,aug_blur,stain,0.4,False,0.84,0.0029,5
phikon,aug_blur,stain,0.5,False,0.8089,0.0041,5
phikon,aug_jpeg,clean,0,False,0.9095,0.0036,5
phikon,aug_jpeg,blur,0.5,False,0.9119,0.0035,5
phikon,aug_jpeg,blur,1,False,0.8986,0.0023,5
phikon,aug_jpeg,blur,2,False,0.5212,0.0107,5
phikon,aug_jpeg,blur,3,False,0.5,0.0,5
phikon,aug_jpeg,blur,3.5,False,0.5,0.0,5
phikon,aug_jpeg,blur,4,False,0.5,0.0,5
phikon,aug_jpeg,blur,5,False,0.5,0.0,5
phikon,aug_jpeg,blur,6,False,0.5,0.0,5
phikon,aug_jpeg,jpeg,70,False,0.8687,0.0034,5
phikon,aug_jpeg,jpeg,50,False,0.893,0.0017,5
phikon,aug_jpeg,jpeg,30,True,0.8819,0.0012,5
phikon,aug_jpeg,jpeg,25,False,0.8736,0.0006,5
phikon,aug_jpeg,jpeg,20,False,0.8673,0.0009,5
phikon,aug_jpeg,jpeg,15,True,0.8483,0.0037,5
phikon,aug_jpeg,jpeg,10,False,0.8235,0.0046,5
phikon,aug_jpeg,jpeg,5,False,0.5633,0.0064,5
phikon,aug_jpeg,stain,0.1,False,0.8994,0.0047,5
phikon,aug_jpeg,stain,0.2,False,0.8936,0.004,5
phikon,aug_jpeg,stain,0.3,False,0.8886,0.0026,5
phikon,aug_jpeg,stain,0.4,False,0.8817,0.0034,5
phikon,aug_jpeg,stain,0.5,False,0.8738,0.004,5
phikon,aug_stain,clean,0,False,0.9188,0.0035,5
phikon,aug_stain,blur,0.5,False,0.9238,0.0028,5
phikon,aug_stain,blur,1,False,0.9166,0.0029,5
phikon,aug_stain,blur,2,False,0.6292,0.0076,5
phikon,aug_stain,blur,3,False,0.5,0.0,5
phikon,aug_stain,blur,3.5,False,0.5,0.0,5
phikon,aug_stain,blur,4,False,0.5,0.0,5
phikon,aug_stain,blur,5,False,0.5,0.0,5
phikon,aug_stain,blur,6,False,0.5,0.0,5
phikon,aug_stain,jpeg,70,False,0.8726,0.0028,5
phikon,aug_stain,jpeg,50,False,0.874,0.0039,5
phikon,aug_stain,jpeg,30,False,0.8326,0.0049,5
phikon,aug_stain,jpeg,25,False,0.819,0.0056,5
phikon,aug_stain,jpeg,20,False,0.7919,0.0055,5
phikon,aug_stain,jpeg,15,False,0.7356,0.0074,5
phikon,aug_stain,jpeg,10,False,0.6337,0.006,5
phikon,aug_stain,jpeg,5,False,0.4912,0.0031,5
phikon,aug_stain,stain,0.1,False,0.9134,0.0022,5
phikon,aug_stain,stain,0.2,False,0.9122,0.0027,5
phikon,aug_stain,stain,0.3,True,0.9085,0.0033,5
phikon,aug_stain,stain,0.4,False,0.9059,0.0028,5
phikon,aug_stain,stain,0.5,False,0.9029,0.0035,5
phikon-v2,clean,clean,0,False,0.8674,0.0025,5
phikon-v2,clean,blur,0.5,False,0.8278,0.0042,5
phikon-v2,clean,blur,1,False,0.7723,0.0098,5
phikon-v2,clean,blur,2,False,0.6831,0.0093,5
phikon-v2,clean,blur,3,False,0.6293,0.0115,5
phikon-v2,clean,blur,3.5,False,0.6192,0.0142,5
phikon-v2,clean,blur,4,False,0.61,0.0147,5
phikon-v2,clean,blur,5,False,0.5702,0.0189,5
phikon-v2,clean,blur,6,False,0.5391,0.0151,5
phikon-v2,clean,jpeg,70,False,0.8697,0.0051,5
phikon-v2,clean,jpeg,50,False,0.8368,0.0042,5
phikon-v2,clean,jpeg,30,False,0.7483,0.009,5
phikon-v2,clean,jpeg,25,False,0.7354,0.0084,5
phikon-v2,clean,jpeg,20,False,0.6666,0.0078,5
phikon-v2,clean,jpeg,15,False,0.6042,0.0068,5
phikon-v2,clean,jpeg,10,False,0.5277,0.0038,5
phikon-v2,clean,jpeg,5,False,0.5,0.0,5
phikon-v2,clean,stain,0.1,False,0.8497,0.0035,5
phikon-v2,clean,stain,0.2,False,0.842,0.0033,5
phikon-v2,clean,stain,0.3,False,0.8336,0.0049,5
phikon-v2,clean,stain,0.4,False,0.8251,0.0042,5
phikon-v2,clean,stain,0.5,False,0.8129,0.0052,5
phikon-v2,aug_all,clean,0,False,0.8814,0.0031,5
phikon-v2,aug_all,blur,0.5,False,0.8725,0.0046,5
phikon-v2,aug_all,blur,1,False,0.8619,0.015,5
phikon-v2,aug_all,blur,2,True,0.7912,0.008,5
phikon-v2,aug_all,blur,3,False,0.7358,0.0123,5
phikon-v2,aug_all,blur,3.5,False,0.7108,0.0112,5
phikon-v2,aug_all,blur,4,True,0.6877,0.0086,5
phikon-v2,aug_all,blur,5,False,0.6383,0.0109,5
phikon-v2,aug_all,blur,6,False,0.583,0.0111,5
phikon-v2,aug_all,jpeg,70,False,0.8796,0.0048,5
phikon-v2,aug_all,jpeg,50,False,0.8705,0.0013,5
phikon-v2,aug_all,jpeg,30,True,0.8456,0.0032,5
phikon-v2,aug_all,jpeg,25,False,0.8452,0.0024,5
phikon-v2,aug_all,jpeg,20,False,0.831,0.0045,5
phikon-v2,aug_all,jpeg,15,True,0.8159,0.0031,5
phikon-v2,aug_all,jpeg,10,False,0.7855,0.0069,5
phikon-v2,aug_all,jpeg,5,False,0.6678,0.0248,5
phikon-v2,aug_all,stain,0.1,False,0.8788,0.0021,5
phikon-v2,aug_all,stain,0.2,False,0.8776,0.0028,5
phikon-v2,aug_all,stain,0.3,True,0.8766,0.004,5
phikon-v2,aug_all,stain,0.4,False,0.8755,0.0048,5
phikon-v2,aug_all,stain,0.5,False,0.8743,0.0054,5
phikon-v2,aug_blur,clean,0,False,0.8614,0.0048,5
phikon-v2,aug_blur,blur,0.5,False,0.8332,0.0059,5
phikon-v2,aug_blur,blur,1,False,0.81,0.0154,5
phikon-v2,aug_blur,blur,2,True,0.7847,0.0049,5
phikon-v2,aug_blur,blur,3,False,0.749,0.0072,5
phikon-v2,aug_blur,blur,3.5,False,0.7243,0.0098,5
phikon-v2,aug_blur,blur,4,True,0.7016,0.0097,5
phikon-v2,aug_blur,blur,5,False,0.6388,0.0112,5
phikon-v2,aug_blur,blur,6,False,0.5687,0.0109,5
phikon-v2,aug_blur,jpeg,70,False,0.8585,0.0017,5
phikon-v2,aug_blur,jpeg,50,False,0.7749,0.0101,5
phikon-v2,aug_blur,jpeg,30,False,0.6629,0.0144,5
phikon-v2,aug_blur,jpeg,25,False,0.6447,0.0144,5
phikon-v2,aug_blur,jpeg,20,False,0.5935,0.0147,5
phikon-v2,aug_blur,jpeg,15,False,0.5507,0.0154,5
phikon-v2,aug_blur,jpeg,10,False,0.5109,0.0068,5
phikon-v2,aug_blur,jpeg,5,False,0.5002,0.0003,5
phikon-v2,aug_blur,stain,0.1,False,0.86,0.0028,5
phikon-v2,aug_blur,stain,0.2,False,0.8544,0.0045,5
phikon-v2,aug_blur,stain,0.3,False,0.8469,0.0064,5
phikon-v2,aug_blur,stain,0.4,False,0.836,0.0094,5
phikon-v2,aug_blur,stain,0.5,False,0.822,0.0152,5
phikon-v2,aug_jpeg,clean,0,False,0.8809,0.0058,5
phikon-v2,aug_jpeg,blur,0.5,False,0.8674,0.0092,5
phikon-v2,aug_jpeg,blur,1,False,0.8738,0.0054,5
phikon-v2,aug_jpeg,blur,2,False,0.7395,0.0144,5
phikon-v2,aug_jpeg,blur,3,False,0.663,0.0054,5
phikon-v2,aug_jpeg,blur,3.5,False,0.6546,0.0062,5
phikon-v2,aug_jpeg,blur,4,False,0.6492,0.0056,5
phikon-v2,aug_jpeg,blur,5,False,0.6365,0.0118,5
phikon-v2,aug_jpeg,blur,6,False,0.6159,0.0247,5
phikon-v2,aug_jpeg,jpeg,70,False,0.8623,0.0052,5
phikon-v2,aug_jpeg,jpeg,50,False,0.8768,0.0046,5
phikon-v2,aug_jpeg,jpeg,30,True,0.8581,0.0036,5
phikon-v2,aug_jpeg,jpeg,25,False,0.851,0.0051,5
phikon-v2,aug_jpeg,jpeg,20,False,0.838,0.0039,5
phikon-v2,aug_jpeg,jpeg,15,True,0.8191,0.0061,5
phikon-v2,aug_jpeg,jpeg,10,False,0.791,0.0028,5
phikon-v2,aug_jpeg,jpeg,5,False,0.6669,0.0166,5
phikon-v2,aug_jpeg,stain,0.1,False,0.8681,0.0082,5
phikon-v2,aug_jpeg,stain,0.2,False,0.8552,0.0082,5
phikon-v2,aug_jpeg,stain,0.3,False,0.8433,0.0085,5
phikon-v2,aug_jpeg,stain,0.4,False,0.8379,0.0086,5
phikon-v2,aug_jpeg,stain,0.5,False,0.832,0.0107,5
phikon-v2,aug_stain,clean,0,False,0.8752,0.0042,5
phikon-v2,aug_stain,blur,0.5,False,0.8437,0.0049,5
phikon-v2,aug_stain,blur,1,False,0.7936,0.0081,5
phikon-v2,aug_stain,blur,2,False,0.7012,0.0048,5
phikon-v2,aug_stain,blur,3,False,0.6546,0.0097,5
phikon-v2,aug_stain,blur,3.5,False,0.6492,0.0089,5
phikon-v2,aug_stain,blur,4,False,0.6445,0.0084,5
phikon-v2,aug_stain,blur,5,False,0.6157,0.0121,5
phikon-v2,aug_stain,blur,6,False,0.5674,0.0149,5
phikon-v2,aug_stain,jpeg,70,False,0.8801,0.0029,5
phikon-v2,aug_stain,jpeg,50,False,0.8248,0.0061,5
phikon-v2,aug_stain,jpeg,30,False,0.7107,0.0121,5
phikon-v2,aug_stain,jpeg,25,False,0.6964,0.0123,5
phikon-v2,aug_stain,jpeg,20,False,0.6223,0.0114,5
phikon-v2,aug_stain,jpeg,15,False,0.5616,0.0104,5
phikon-v2,aug_stain,jpeg,10,False,0.5101,0.0033,5
phikon-v2,aug_stain,jpeg,5,False,0.5,0.0,5
phikon-v2,aug_stain,stain,0.1,False,0.8708,0.0036,5
phikon-v2,aug_stain,stain,0.2,False,0.8734,0.005,5
phikon-v2,aug_stain,stain,0.3,True,0.8759,0.0049,5
phikon-v2,aug_stain,stain,0.4,False,0.8793,0.0054,5
phikon-v2,aug_stain,stain,0.5,False,0.8821,0.0069,5
dinov2-l,clean,clean,0,False,0.8409,0.0017,5
dinov2-l,clean,blur,0.5,False,0.8391,0.0028,5
dinov2-l,clean,blur,1,False,0.7908,0.0074,5
dinov2-l,clean,blur,2,False,0.5784,0.0068,5
dinov2-l,clean,blur,3,False,0.5255,0.0035,5
dinov2-l,clean,blur,3.5,False,0.5091,0.0012,5
dinov2-l,clean,blur,4,False,0.5041,0.0009,5
dinov2-l,clean,blur,5,False,0.5003,0.0001,5
dinov2-l,clean,blur,6,False,0.5,0.0,5
dinov2-l,clean,jpeg,70,False,0.8204,0.0025,5
dinov2-l,clean,jpeg,50,False,0.8267,0.002,5
dinov2-l,clean,jpeg,30,False,0.7987,0.0023,5
dinov2-l,clean,jpeg,25,False,0.788,0.0027,5
dinov2-l,clean,jpeg,20,False,0.7508,0.0036,5
dinov2-l,clean,jpeg,15,False,0.699,0.0035,5
dinov2-l,clean,jpeg,10,False,0.6108,0.004,5
dinov2-l,clean,jpeg,5,False,0.5266,0.0015,5
dinov2-l,clean,stain,0.1,False,0.842,0.0021,5
dinov2-l,clean,stain,0.2,False,0.8423,0.0013,5
dinov2-l,clean,stain,0.3,False,0.8417,0.0012,5
dinov2-l,clean,stain,0.4,False,0.8406,0.0009,5
dinov2-l,clean,stain,0.5,False,0.8402,0.0011,5
dinov2-l,aug_all,clean,0,False,0.8293,0.0022,5
dinov2-l,aug_all,blur,0.5,False,0.8318,0.0013,5
dinov2-l,aug_all,blur,1,False,0.8272,0.0024,5
dinov2-l,aug_all,blur,2,True,0.7686,0.0044,5
dinov2-l,aug_all,blur,3,False,0.7409,0.0031,5
dinov2-l,aug_all,blur,3.5,False,0.7351,0.0028,5
dinov2-l,aug_all,blur,4,True,0.7273,0.0032,5
dinov2-l,aug_all,blur,5,False,0.7025,0.0056,5
dinov2-l,aug_all,blur,6,False,0.6715,0.0044,5
dinov2-l,aug_all,jpeg,70,False,0.8333,0.0022,5
dinov2-l,aug_all,jpeg,50,False,0.8322,0.0012,5
dinov2-l,aug_all,jpeg,30,True,0.8267,0.0019,5
dinov2-l,aug_all,jpeg,25,False,0.823,0.0021,5
dinov2-l,aug_all,jpeg,20,False,0.8216,0.0019,5
dinov2-l,aug_all,jpeg,15,True,0.8124,0.0013,5
dinov2-l,aug_all,jpeg,10,False,0.7795,0.0053,5
dinov2-l,aug_all,jpeg,5,False,0.668,0.0153,5
dinov2-l,aug_all,stain,0.1,False,0.8291,0.0027,5
dinov2-l,aug_all,stain,0.2,False,0.8286,0.003,5
dinov2-l,aug_all,stain,0.3,True,0.8298,0.0025,5
dinov2-l,aug_all,stain,0.4,False,0.8308,0.0028,5
dinov2-l,aug_all,stain,0.5,False,0.8317,0.0014,5
dinov2-l,aug_blur,clean,0,False,0.8214,0.0024,5
dinov2-l,aug_blur,blur,0.5,False,0.8214,0.0037,5
dinov2-l,aug_blur,blur,1,False,0.8201,0.0049,5
dinov2-l,aug_blur,blur,2,True,0.7778,0.0052,5
dinov2-l,aug_blur,blur,3,False,0.7535,0.0026,5
dinov2-l,aug_blur,blur,3.5,False,0.7445,0.0023,5
dinov2-l,aug_blur,blur,4,True,0.7335,0.0025,5
dinov2-l,aug_blur,blur,5,False,0.7051,0.0032,5
dinov2-l,aug_blur,blur,6,False,0.6744,0.0053,5
dinov2-l,aug_blur,jpeg,70,False,0.8256,0.0038,5
dinov2-l,aug_blur,jpeg,50,False,0.8272,0.0022,5
dinov2-l,aug_blur,jpeg,30,False,0.8156,0.0024,5
dinov2-l,aug_blur,jpeg,25,False,0.8097,0.0037,5
dinov2-l,aug_blur,jpeg,20,False,0.7874,0.0075,5
dinov2-l,aug_blur,jpeg,15,False,0.7509,0.0137,5
dinov2-l,aug_blur,jpeg,10,False,0.6756,0.0209,5
dinov2-l,aug_blur,jpeg,5,False,0.5677,0.0212,5
dinov2-l,aug_blur,stain,0.1,False,0.8171,0.0037,5
dinov2-l,aug_blur,stain,0.2,False,0.8193,0.0031,5
dinov2-l,aug_blur,stain,0.3,False,0.821,0.0026,5
dinov2-l,aug_blur,stain,0.4,False,0.822,0.0025,5
dinov2-l,aug_blur,stain,0.5,False,0.8235,0.0016,5
dinov2-l,aug_jpeg,clean,0,False,0.837,0.0032,5
dinov2-l,aug_jpeg,blur,0.5,False,0.835,0.004,5
dinov2-l,aug_jpeg,blur,1,False,0.8144,0.0037,5
dinov2-l,aug_jpeg,blur,2,False,0.6683,0.0091,5
dinov2-l,aug_jpeg,blur,3,False,0.5724,0.0067,5
dinov2-l,aug_jpeg,blur,3.5,False,0.5368,0.0052,5
dinov2-l,aug_jpeg,blur,4,False,0.516,0.0041,5
dinov2-l,aug_jpeg,blur,5,False,0.502,0.0011,5
dinov2-l,aug_jpeg,blur,6,False,0.4998,0.0001,5
dinov2-l,aug_jpeg,jpeg,70,False,0.8338,0.0031,5
dinov2-l,aug_jpeg,jpeg,50,False,0.8369,0.0014,5
dinov2-l,aug_jpeg,jpeg,30,True,0.8338,0.0005,5
dinov2-l,aug_jpeg,jpeg,25,False,0.8321,0.0024,5
dinov2-l,aug_jpeg,jpeg,20,False,0.828,0.0022,5
dinov2-l,aug_jpeg,jpeg,15,True,0.8214,0.0025,5
dinov2-l,aug_jpeg,jpeg,10,False,0.7894,0.0033,5
dinov2-l,aug_jpeg,jpeg,5,False,0.6655,0.0119,5
dinov2-l,aug_jpeg,stain,0.1,False,0.8362,0.0011,5
dinov2-l,aug_jpeg,stain,0.2,False,0.8364,0.0019,5
dinov2-l,aug_jpeg,stain,0.3,False,0.8367,0.0012,5
dinov2-l,aug_jpeg,stain,0.4,False,0.837,0.0017,5
dinov2-l,aug_jpeg,stain,0.5,False,0.8367,0.0009,5
dinov2-l,aug_stain,clean,0,False,0.8425,0.0015,5
dinov2-l,aug_stain,blur,0.5,False,0.84,0.0033,5
dinov2-l,aug_stain,blur,1,False,0.7846,0.0085,5
dinov2-l,aug_stain,blur,2,False,0.5602,0.0093,5
dinov2-l,aug_stain,blur,3,False,0.5146,0.0041,5
dinov2-l,aug_stain,blur,3.5,False,0.5058,0.001,5
dinov2-l,aug_stain,blur,4,False,0.503,0.0006,5
dinov2-l,aug_stain,blur,5,False,0.5002,0.0,5
dinov2-l,aug_stain,blur,6,False,0.5,0.0,5
dinov2-l,aug_stain,jpeg,70,False,0.8238,0.0027,5
dinov2-l,aug_stain,jpeg,50,False,0.8269,0.0016,5
dinov2-l,aug_stain,jpeg,30,False,0.7981,0.004,5
dinov2-l,aug_stain,jpeg,25,False,0.7873,0.0043,5
dinov2-l,aug_stain,jpeg,20,False,0.7468,0.0043,5
dinov2-l,aug_stain,jpeg,15,False,0.6924,0.0047,5
dinov2-l,aug_stain,jpeg,10,False,0.5985,0.0031,5
dinov2-l,aug_stain,jpeg,5,False,0.5165,0.0021,5
dinov2-l,aug_stain,stain,0.1,False,0.8429,0.0026,5
dinov2-l,aug_stain,stain,0.2,False,0.8428,0.0015,5
dinov2-l,aug_stain,stain,0.3,True,0.8424,0.0012,5
dinov2-l,aug_stain,stain,0.4,False,0.841,0.0016,5
dinov2-l,aug_stain,stain,0.5,False,0.8402,0.0013,5
kaiko-b16,clean,clean,0,False,0.8829,0.002,5
kaiko-b16,clean,blur,0.5,False,0.8711,0.0029,5
kaiko-b16,clean,blur,1,False,0.7755,0.0052,5
kaiko-b16,clean,blur,2,False,0.5339,0.0051,5
kaiko-b16,clean,blur,3,False,0.4999,0.0001,5
kaiko-b16,clean,blur,3.5,False,0.5,0.0,5
kaiko-b16,clean,blur,4,False,0.5,0.0,5
kaiko-b16,clean,blur,5,False,0.5,0.0,5
kaiko-b16,clean,blur,6,False,0.5,0.0,5
kaiko-b16,clean,jpeg,70,False,0.8426,0.002,5
kaiko-b16,clean,jpeg,50,False,0.7145,0.0118,5
kaiko-b16,clean,jpeg,30,False,0.5758,0.0111,5
kaiko-b16,clean,jpeg,25,False,0.5498,0.0097,5
kaiko-b16,clean,jpeg,20,False,0.5112,0.0032,5
kaiko-b16,clean,jpeg,15,False,0.5014,0.0004,5
kaiko-b16,clean,jpeg,10,False,0.5,0.0,5
kaiko-b16,clean,jpeg,5,False,0.5,0.0,5
kaiko-b16,clean,stain,0.1,False,0.8713,0.0033,5
kaiko-b16,clean,stain,0.2,False,0.8606,0.0037,5
kaiko-b16,clean,stain,0.3,False,0.8543,0.004,5
kaiko-b16,clean,stain,0.4,False,0.8483,0.0039,5
kaiko-b16,clean,stain,0.5,False,0.8406,0.0033,5
kaiko-b16,aug_all,clean,0,False,0.8837,0.0028,5
kaiko-b16,aug_all,blur,0.5,False,0.8639,0.0067,5
kaiko-b16,aug_all,blur,1,False,0.8068,0.0162,5
kaiko-b16,aug_all,blur,2,True,0.8007,0.0081,5
kaiko-b16,aug_all,blur,3,False,0.7361,0.0058,5
kaiko-b16,aug_all,blur,3.5,False,0.7179,0.0039,5
kaiko-b16,aug_all,blur,4,True,0.7046,0.0049,5
kaiko-b16,aug_all,blur,5,False,0.6792,0.0041,5
kaiko-b16,aug_all,blur,6,False,0.6177,0.0119,5
kaiko-b16,aug_all,jpeg,70,False,0.8676,0.0035,5
kaiko-b16,aug_all,jpeg,50,False,0.8611,0.0048,5
kaiko-b16,aug_all,jpeg,30,True,0.8596,0.0032,5
kaiko-b16,aug_all,jpeg,25,False,0.8557,0.0019,5
kaiko-b16,aug_all,jpeg,20,False,0.8441,0.0029,5
kaiko-b16,aug_all,jpeg,15,True,0.8367,0.0017,5
kaiko-b16,aug_all,jpeg,10,False,0.8303,0.0025,5
kaiko-b16,aug_all,jpeg,5,False,0.5974,0.0196,5
kaiko-b16,aug_all,stain,0.1,False,0.8847,0.0021,5
kaiko-b16,aug_all,stain,0.2,False,0.8839,0.0021,5
kaiko-b16,aug_all,stain,0.3,True,0.8829,0.0026,5
kaiko-b16,aug_all,stain,0.4,False,0.8822,0.003,5
kaiko-b16,aug_all,stain,0.5,False,0.8803,0.0048,5
kaiko-b16,aug_blur,clean,0,False,0.8874,0.0019,5
kaiko-b16,aug_blur,blur,0.5,False,0.8719,0.0063,5
kaiko-b16,aug_blur,blur,1,False,0.8115,0.016,5
kaiko-b16,aug_blur,blur,2,True,0.8129,0.0038,5
kaiko-b16,aug_blur,blur,3,False,0.7444,0.0039,5
kaiko-b16,aug_blur,blur,3.5,False,0.7374,0.0029,5
kaiko-b16,aug_blur,blur,4,True,0.7285,0.0031,5
kaiko-b16,aug_blur,blur,5,False,0.6911,0.0084,5
kaiko-b16,aug_blur,blur,6,False,0.6197,0.0137,5
kaiko-b16,aug_blur,jpeg,70,False,0.8541,0.0072,5
kaiko-b16,aug_blur,jpeg,50,False,0.7369,0.0226,5
kaiko-b16,aug_blur,jpeg,30,False,0.6443,0.0278,5
kaiko-b16,aug_blur,jpeg,25,False,0.6139,0.0298,5
kaiko-b16,aug_blur,jpeg,20,False,0.564,0.0255,5
kaiko-b16,aug_blur,jpeg,15,False,0.523,0.0107,5
kaiko-b16,aug_blur,jpeg,10,False,0.5022,0.0016,5
kaiko-b16,aug_blur,jpeg,5,False,0.5,0.0,5
kaiko-b16,aug_blur,stain,0.1,False,0.8856,0.0013,5
kaiko-b16,aug_blur,stain,0.2,False,0.8844,0.0013,5
kaiko-b16,aug_blur,stain,0.3,False,0.8829,0.0031,5
kaiko-b16,aug_blur,stain,0.4,False,0.884,0.0033,5
kaiko-b16,aug_blur,stain,0.5,False,0.8812,0.0046,5
kaiko-b16,aug_jpeg,clean,0,False,0.8719,0.004,5
kaiko-b16,aug_jpeg,blur,0.5,False,0.8336,0.0062,5
kaiko-b16,aug_jpeg,blur,1,False,0.7379,0.0134,5
kaiko-b16,aug_jpeg,blur,2,False,0.566,0.0163,5
kaiko-b16,aug_jpeg,blur,3,False,0.5159,0.015,5
kaiko-b16,aug_jpeg,blur,3.5,False,0.5046,0.0056,5
kaiko-b16,aug_jpeg,blur,4,False,0.4999,0.0006,5
kaiko-b16,aug_jpeg,blur,5,False,0.5001,0.0001,5
kaiko-b16,aug_jpeg,blur,6,False,0.5,0.0,5
kaiko-b16,aug_jpeg,jpeg,70,False,0.8433,0.0114,5
kaiko-b16,aug_jpeg,jpeg,50,False,0.8479,0.0038,5
kaiko-b16,aug_jpeg,jpeg,30,True,0.8528,0.0011,5
kaiko-b16,aug_jpeg,jpeg,25,False,0.8518,0.0008,5
kaiko-b16,aug_jpeg,jpeg,20,False,0.8392,0.0009,5
kaiko-b16,aug_jpeg,jpeg,15,True,0.8323,0.0015,5
kaiko-b16,aug_jpeg,jpeg,10,False,0.8265,0.0015,5
kaiko-b16,aug_jpeg,jpeg,5,False,0.6055,0.021,5
kaiko-b16,aug_jpeg,stain,0.1,False,0.8638,0.0043,5
kaiko-b16,aug_jpeg,stain,0.2,False,0.8566,0.0031,5
kaiko-b16,aug_jpeg,stain,0.3,False,0.8517,0.0027,5
kaiko-b16,aug_jpeg,stain,0.4,False,0.8478,0.0027,5
kaiko-b16,aug_jpeg,stain,0.5,False,0.8442,0.0026,5
kaiko-b16,aug_stain,clean,0,False,0.8884,0.0029,5
kaiko-b16,aug_stain,blur,0.5,False,0.8754,0.0015,5
kaiko-b16,aug_stain,blur,1,False,0.7872,0.0047,5
kaiko-b16,aug_stain,blur,2,False,0.5365,0.0037,5
kaiko-b16,aug_stain,blur,3,False,0.4999,0.0001,5
kaiko-b16,aug_stain,blur,3.5,False,0.5,0.0,5
kaiko-b16,aug_stain,blur,4,False,0.5,0.0,5
kaiko-b16,aug_stain,blur,5,False,0.5,0.0,5
kaiko-b16,aug_stain,blur,6,False,0.5,0.0,5
kaiko-b16,aug_stain,jpeg,70,False,0.843,0.0035,5
kaiko-b16,aug_stain,jpeg,50,False,0.701,0.0145,5
kaiko-b16,aug_stain,jpeg,30,False,0.5592,0.0107,5
kaiko-b16,aug_stain,jpeg,25,False,0.5342,0.009,5
kaiko-b16,aug_stain,jpeg,20,False,0.5077,0.002,5
kaiko-b16,aug_stain,jpeg,15,False,0.5015,0.0005,5
kaiko-b16,aug_stain,jpeg,10,False,0.5001,0.0001,5
kaiko-b16,aug_stain,jpeg,5,False,0.5,0.0,5
kaiko-b16,aug_stain,stain,0.1,False,0.8838,0.0027,5
kaiko-b16,aug_stain,stain,0.2,False,0.8828,0.0019,5
kaiko-b16,aug_stain,stain,0.3,True,0.8819,0.0019,5
kaiko-b16,aug_stain,stain,0.4,False,0.881,0.002,5
kaiko-b16,aug_stain,stain,0.5,False,0.879,0.0037,5
