model,kind,level,accuracy,balanced_accuracy,ci_low,ci_high
phikon,clean,0,0.9135,0.9135,0.9064,0.9206
phikon,blur,0.5,0.9137,0.9137,0.9066,0.9204
phikon,blur,1,0.913,0.913,0.906,0.9196
phikon,blur,2,0.677,0.677,0.6667,0.6876
phikon,blur,3,0.5,0.5,0.5,0.5
phikon,blur,3.5,0.5,0.5,0.5,0.5
phikon,blur,4,0.5,0.5,0.5,0.5
phikon,blur,5,0.5,0.5,0.5,0.5
phikon,blur,6,0.5,0.5,0.5,0.5
phikon,jpeg,70,0.8717,0.8717,0.864,0.8801
phikon,jpeg,50,0.8822,0.8822,0.8749,0.8901
phikon,jpeg,30,0.8512,0.8512,0.8431,0.8595
phikon,jpeg,25,0.8335,0.8335,0.8243,0.8419
phikon,jpeg,20,0.8208,0.8208,0.8117,0.8311
phikon,jpeg,15,0.7745,0.7745,0.7645,0.7837
phikon,jpeg,10,0.6832,0.6832,0.6725,0.6948
phikon,jpeg,5,0.5005,0.5005,0.4908,0.5105
phikon,stain,0.1,0.9038,0.9038,0.8963,0.9108
phikon,stain,0.2,0.8883,0.8883,0.8806,0.8957
phikon,stain,0.3,0.8765,0.8765,0.8692,0.8843
phikon,stain,0.4,0.8637,0.8637,0.8558,0.8719
phikon,stain,0.5,0.851,0.851,0.8431,0.8591
phikon-v2,clean,0,0.867,0.867,0.8584,0.8749
phikon-v2,blur,0.5,0.8232,0.8232,0.8148,0.8317
phikon-v2,blur,1,0.7693,0.7693,0.7611,0.7781
phikon-v2,blur,2,0.6795,0.6795,0.6697,0.688
phikon-v2,blur,3,0.6315,0.6315,0.6219,0.6418
phikon-v2,blur,3.5,0.6225,0.6225,0.6121,0.6332
phikon-v2,blur,4,0.6143,0.6143,0.6045,0.6248
phikon-v2,blur,5,0.5767,0.5767,0.5672,0.586
phikon-v2,blur,6,0.5412,0.5412,0.5344,0.5481
phikon-v2,jpeg,70,0.8668,0.8668,0.8589,0.8753
phikon-v2,jpeg,50,0.8322,0.8322,0.8237,0.8408
phikon-v2,jpeg,30,0.7388,0.7388,0.7296,0.7486
phikon-v2,jpeg,25,0.7287,0.7287,0.7194,0.738
phikon-v2,jpeg,20,0.6615,0.6615,0.6529,0.6699
phikon-v2,jpeg,15,0.5998,0.5998,0.5927,0.6069
phikon-v2,jpeg,10,0.5258,0.5258,0.522,0.5301
phikon-v2,jpeg,5,0.5,0.5,0.5,0.5
phikon-v2,stain,0.1,0.8505,0.8505,0.8426,0.8589
phikon-v2,stain,0.2,0.8432,0.8432,0.8344,0.8514
phikon-v2,stain,0.3,0.833,0.833,0.824,0.8414
phikon-v2,stain,0.4,0.8262,0.8262,0.8177,0.8349
phikon-v2,stain,0.5,0.815,0.815,0.8062,0.824
